图书名字,图书作者,图书出版社,图书评价数,图书推荐指数,图书原价,图书折后价,图书折扣,图书电子书价格,图书出版时间,图书地址,图书图片地址
万物由来科学绘本 写给孩子的科普绘本,项华,项华,256507条评论,,¥33.20,¥42.00,7.9折,,2020-08-01,http://product.dangdang.com/28973600.html,http://img3m0.ddimg.cn/62/10/28973600-1_l_6.jpg
正面管教(修订版),[美] 简·尼尔森,简·尼尔森,1843044条评论,,¥38.00,¥38.00,10.0折,¥4.19,2016-07-01,http://product.dangdang.com/23990140.html,http://img3m0.ddimg.cn/64/6/23990140-1_l_44.jpg
环球国家地理百科全书 套装共10册,王越 主编,王越,24902条评论,,¥77.40,¥199.00,3.9折,¥9.90,2016-06-01,http://product.dangdang.com/23974209.html,http://img3m9.ddimg.cn/72/22/23974209-1_l_22.jpg
DK儿童百科全书(精致版),英国DK出版社,英国DK出版社,4906条评论,,¥52.00,¥98.00,5.3折,,2015-04-01,http://product.dangdang.com/27883595.html,http://img3m5.ddimg.cn/47/25/27883595-1_l_5.jpg
二十四史少年精编版（套装全4册）萃取纯正精华，来自浩如烟海的中,何孝荣,何孝荣,25359条评论,,¥78.00,¥156.00,5.0折,,2020-08-01,http://product.dangdang.com/29120271.html,http://img3m1.ddimg.cn/15/13/29120271-1_l_15.jpg
蛤蟆先生去看心理医生（年销200万册！英国经典心理咨询入门书，知,罗伯特·戴博德，果麦文化 出品,罗伯特·戴博德,712529条评论,,¥19.00,¥38.00,5.0折,¥16.99,2020-07-01,http://product.dangdang.com/28992419.html,http://img3m9.ddimg.cn/71/33/28992419-1_l_45.jpg
薇娅推荐 小学生心理学漫画(全6册)6种心理能力，培养好性格，内心,小禾心理研究所 著；读客文化 出品,小禾心理研究所,67112条评论,,¥98.40,¥196.80,5.0折,¥69.99,2019-12-09,http://product.dangdang.com/28496461.html,http://img3m1.ddimg.cn/4/23/28496461-1_l_19.jpg
走遍中国 图说天下 寻梦之旅,霍晨昕,霍晨昕,348771条评论,,¥22.10,¥29.90,7.4折,,2019-02-01,http://product.dangdang.com/26510848.html,http://img3m8.ddimg.cn/34/15/26510848-1_l_6.jpg
人生海海（麦家重磅力作，莫言、董卿盛赞，连续两年高居畅销榜，,麦家  著 ，新经典  出品,麦家,800071条评论,,¥27.50,¥55.00,5.0折,¥24.99,2019-04-16,http://product.dangdang.com/26921715.html,http://img3m5.ddimg.cn/51/34/26921715-1_l_8.jpg
怪博士与妙博士（百班千人推荐书目）,林世仁 著，薛慧莹 绘,林世仁,9488条评论,,¥16.40,¥32.80,5.0折,,2014-05-01,http://product.dangdang.com/29160162.html,http://img3m2.ddimg.cn/9/18/29160162-1_l_20.jpg
少年读史记（套装全5册）,张嘉骅,张嘉骅,1119098条评论,,¥50.00,¥100.00,5.0折,,2015-09-01,http://product.dangdang.com/23778791.html,http://img3m1.ddimg.cn/80/1/23778791-1_l_27.jpg
杀死一只知更鸟（豆瓣9.2，关于勇气与正义的成长教科书，影响全球,哈珀·李　著  李育超 译,哈珀·李,472018条评论,,¥24.00,¥48.00,5.0折,,2017-02-01,http://product.dangdang.com/24185602.html,http://img3m2.ddimg.cn/1/34/24185602-1_l_25037.jpg
东野圭吾：白夜行（易烊千玺、孟非推荐，东野圭吾作品无冕之王）,[日]东野圭吾 著，新经典 出品,东野圭吾,1867574条评论,,¥29.80,¥59.60,5.0折,¥23.99,2017-08-09,http://product.dangdang.com/25119332.html,http://img3m2.ddimg.cn/62/32/25119332-1_l_15.jpg
千与千寻（宫崎骏作品。日本上映20周年特别纪念！）,(日) 宫崎骏原作,宫崎骏原作,18622条评论,,¥78.00,¥78.00,10.0折,,2021-06-01,http://product.dangdang.com/29254497.html,http://img3m7.ddimg.cn/96/3/29254497-1_l_8.jpg
谈判：如何在博弈中获得更多(第四版)Everything is Negotiable,(英) 盖温·肯尼迪 (Gavin Kennedy),盖温·肯尼迪,257297条评论,,¥22.10,¥45.00,4.9折,¥12.99,2018-04-06,http://product.dangdang.com/25247638.html,http://img3m8.ddimg.cn/64/22/25247638-1_l_19.jpg
月光落在左手上（精装珍藏版）,余秀华  著 ， 新经典  出品,余秀华,76135条评论,,¥29.00,¥58.00,5.0折,¥34.80,2020-09-01,http://product.dangdang.com/29126248.html,http://img3m8.ddimg.cn/52/33/29126248-1_l_11.jpg
乌合之众 : 大众心理研究（群体心理学创始人古斯塔夫·勒庞代表作,(法) 古斯塔夫·勒庞 著，马晓佳 译,古斯塔夫·勒庞,664522条评论,,¥12.20,¥26.00,4.7折,,2018-04-06,http://product.dangdang.com/25246609.html,http://img3m9.ddimg.cn/25/29/25246609-1_l_22.jpg
沟通的方法（别怕，沟通是场无限游戏。得到CEO脱不花为你备好的沟,脱不花 著，得到图书 出品,脱不花,57607条评论,,¥49.00,¥69.00,7.1折,,2021-06-11,http://product.dangdang.com/29251809.html,http://img3m9.ddimg.cn/81/16/29251809-1_l_43.jpg
三体：全三册 刘慈欣代表作，亚洲“雨果奖”获奖作品！,刘慈欣,刘慈欣,1643883条评论,,¥46.50,¥93.00,5.0折,¥39.99,2010-11-01,http://product.dangdang.com/23579654.html,http://img3m4.ddimg.cn/32/35/23579654-1_l_6.jpg
流浪的地球（《三体》作者刘慈欣绚丽想象力之作，大人孩子均可阅,刘慈欣 著，小当当童书馆 出品,刘慈欣,614831条评论,,¥14.20,¥29.00,4.9折,,2018-05-01,http://product.dangdang.com/25259300.html,http://img3m0.ddimg.cn/44/29/25259300-1_l_27.jpg
马尔克斯：百年孤独（50周年纪念版）,加西亚·马尔克斯 著，新经典 出品,加西亚·马尔克斯,1956173条评论,,¥39.60,¥55.00,7.2折,¥25.99,2017-08-01,http://product.dangdang.com/25138856.html,http://img3m6.ddimg.cn/83/20/25138856-1_l_6.jpg
面纱（毛姆关于女性精神觉醒的经典作品，三次改编成电影。2018全,〔英〕毛姆 著，王晋华 译,毛姆,109478条评论,,¥10.50,¥27.00,3.9折,,2019-01-01,http://product.dangdang.com/26445650.html,http://img3m0.ddimg.cn/77/11/26445650-1_l_8.jpg
走遍世界 图说天下 寻梦之旅,王秀莉,王秀莉,116471条评论,,¥22.10,¥29.90,7.4折,,2020-12-01,http://product.dangdang.com/29174191.html,http://img3m1.ddimg.cn/79/24/29174191-1_l_9.jpg
古代人的日常生活（古代的光棍多吗？古人怎么擦屁屁？古人夏天如,讲历史的王老师 著；读客文化 出品,讲历史的王老师,118041条评论,,¥34.90,¥69.90,5.0折,,2020-02-10,http://product.dangdang.com/28509242.html,http://img3m2.ddimg.cn/14/2/28509242-1_l_14.jpg
复活（精装大开本，托尔斯泰三部曲之一，草婴翻译，无删节全译本,〔俄〕列夫·托尔斯泰 著   草婴 译,列夫·托尔斯泰,26515条评论,,¥34.30,¥73.00,4.7折,,2019-10-30,http://product.dangdang.com/28473429.html,http://img3m9.ddimg.cn/39/5/28473429-1_l_14.jpg
钱穆谈中国历史文化：中国历史精神,钱穆,钱穆,108537条评论,,¥12.70,¥26.00,4.9折,,2019-06-06,http://product.dangdang.com/27874588.html,http://img3m8.ddimg.cn/49/9/27874588-1_l_16.jpg
2022亲子日历：给孩子的一日一诗（每天陪孩子朗诵一首诗、认识一,麦与田，麦田时光出品,麦与田,148条评论,,¥39.00,¥118.00,3.3折,,2021-10-01,http://product.dangdang.com/29307175.html,http://img3m5.ddimg.cn/7/30/29307175-1_l_15.jpg
被讨厌的勇气：“自我启发之父”阿德勒的哲学课 岸见一郎,"岸見一郎, 古賀史健",岸見一郎,438683条评论,,¥38.00,¥55.00,6.9折,¥19.90,2020-03-05,http://product.dangdang.com/28518072.html,http://img3m2.ddimg.cn/33/26/28518072-1_l_7.jpg
亲密关系：通往灵魂的桥梁（新版）：杨天真推荐，这本书告诉我们,"（加）克里斯多福·孟 著,博集天卷 出品",克里斯多福·孟,678434条评论,,¥22.50,¥45.00,5.0折,,2019-04-01,http://product.dangdang.com/26490676.html,http://img3m6.ddimg.cn/58/8/26490676-1_l_7.jpg
丰子恺万般滋味，都是生活,丰子恺,丰子恺,552606条评论,,¥16.80,¥42.00,4.0折,,2018-09-01,http://product.dangdang.com/25308985.html,http://img3m5.ddimg.cn/31/23/25308985-1_l_39.jpg
bibi动物园：忍不住想打扰你（当当专享作者签章本，超人气原创治,bibi 园长 著 ， 新经典   出品,bibi,42651条评论,,¥35.20,¥49.00,7.2折,¥29.40,2021-09-01,http://product.dangdang.com/29292818.html,http://img3m8.ddimg.cn/5/29/29292818-1_l_10.jpg
给男孩的情绪管理绘本（套装全5册）,乐凡 段张取艺,乐凡,22003条评论,,¥45.00,¥90.00,5.0折,,2021-03-01,http://product.dangdang.com/29206161.html,http://img3m1.ddimg.cn/72/26/29206161-1_l_14.jpg
世界尽头的咖啡馆（做决定前读一遍，少走弯路！美国57所高校指定,约翰·史崔勒基， 译者 万洁，果麦文化 出品,约翰·史崔勒基,56368条评论,,¥22.50,¥45.00,5.0折,,2019-05-01,http://product.dangdang.com/27869614.html,http://img3m4.ddimg.cn/25/30/27869614-1_l_11.jpg
遥远的救世主（热播电视剧天道原著，即小说《背叛》，畅销遥远的,豆豆,豆豆,209756条评论,,¥24.00,¥48.00,5.0折,,2018-10-09,http://product.dangdang.com/25353527.html,http://img3m7.ddimg.cn/23/17/25353527-1_l_4.jpg
消失的13级台阶（罗翔推荐！荣获日本推理小说至高荣誉江户川乱步,(日)高野和明 著；读客文化 出品,高野和明,186527条评论,,¥21.00,¥42.00,5.0折,¥16.99,2020-04-29,http://product.dangdang.com/28542693.html,http://img3m3.ddimg.cn/3/5/28542693-1_l_11.jpg
中国少年儿童百科全书(全套共10册),贺晓兴,贺晓兴,6519条评论,,¥96.70,¥248.00,3.9折,,2016-09-15,http://product.dangdang.com/24034434.html,http://img3m4.ddimg.cn/6/11/24034434-1_l_10.jpg
皮特猫·3~6岁好性格养成书：第一辑（共6册）（乐观、积极、开朗,(美)艾瑞克·利温等 著；彭懿等译；读客文化 出品,艾瑞克·利温,262207条评论,,¥69.90,¥139.90,5.0折,,2018-07-01,http://product.dangdang.com/25298374.html,http://img3m4.ddimg.cn/13/31/25298374-1_l_22.jpg
这世界很烦，但你要很可爱（只要你可爱，这个世界也会变得可爱）,杨红 著,杨红,27621条评论,,¥23.00,¥46.00,5.0折,¥13.90,2020-12-31,http://product.dangdang.com/29196710.html,http://img3m0.ddimg.cn/26/10/29196710-1_l_21.jpg
你当像鸟飞往你的山（中文版销量超200万册，比尔·盖茨年度特别推,塔拉 · 韦斯特弗  著 ， 新经典  出品,塔拉,1201697条评论,,¥34.80,¥59.00,5.9折,¥24.99,2019-11-01,http://product.dangdang.com/28473192.html,http://img3m2.ddimg.cn/0/27/28473192-1_l_11.jpg
我身边的植物朋友（全三册）,（法）埃米莉?瓦斯特 著，邢培健 译,埃米莉,1538条评论,,¥101.50,¥114.00,8.9折,,2018-07-01,http://product.dangdang.com/25352997.html,http://img3m7.ddimg.cn/87/5/25352997-1_l_1.jpg
云边有个小卖部（陆定昊诚挚推荐，随书附赠云边镇四季明信片和张,"张嘉佳 著,博集天卷 出品",张嘉佳,1242173条评论,,¥28.70,¥42.00,6.8折,¥9.99,2018-07-01,http://product.dangdang.com/25295369.html,http://img3m9.ddimg.cn/77/23/25295369-1_l_37.jpg
神奇校车·桥梁书版（全20册）,乔安娜柯尔　著 布鲁斯迪根 图　施芳　译,乔安娜柯尔,1256697条评论,,¥75.00,¥150.00,5.0折,,2014-04-01,http://product.dangdang.com/23444350.html,http://img3m0.ddimg.cn/61/3/23444350-1_l_45.jpg
次第花开 修订版,希阿荣博堪布,希阿荣博堪布,446682条评论,,¥19.90,¥39.80,5.0折,¥16.99,2017-02-01,http://product.dangdang.com/24184084.html,http://img3m4.ddimg.cn/67/33/24184084-1_l_9.jpg
心安即是归处（季羡林百年生命智慧。央视《朗读者》多次动情朗读,季羡林 著，文通天下 出品,季羡林,242326条评论,,¥24.50,¥49.00,5.0折,¥14.70,2020-08-01,http://product.dangdang.com/28976722.html,http://img3m2.ddimg.cn/16/24/28976722-1_l_43.jpg
埃里希·凯斯特纳作品典藏——两个小洛特,（德) 埃里希·凯斯特纳著 ， 赵夑生 译.,埃里希·凯斯特纳,17346条评论,,¥9.50,¥19.00,5.0折,,2017-03-03,http://product.dangdang.com/24193545.html,http://img3m5.ddimg.cn/24/22/24193545-1_l_4.jpg
古代人的日常生活2（典藏版）（古代房价高吗？古人如何抗疫？古人,讲历史的王老师；读客文化 出品,讲历史的王老师,21747条评论,,¥37.90,¥75.90,5.0折,¥14.99,2021-08-01,http://product.dangdang.com/29288042.html,http://img3m2.ddimg.cn/80/26/29288042-1_l_12.jpg
孩子读得懂的山海经（共3册）神话+神兽+异人国,兰梦醒 ，贺维芳 ，许萍萍 著，青鸟童书 出品,兰梦醒,127200条评论,,¥95.00,¥219.00,4.3折,,2020-11-04,http://product.dangdang.com/29152264.html,http://img3m4.ddimg.cn/31/1/29152264-1_l_52.jpg
非自然死亡：我的法医笔记（法医秦明冠名推荐，15年法医生涯，19,刘晓辉 著，真故图书 出品,刘晓辉,72126条评论,,¥26.00,¥52.00,5.0折,¥15.60,2020-11-30,http://product.dangdang.com/29177689.html,http://img3m9.ddimg.cn/13/7/29177689-1_l_64.jpg
给孩子讲封神演义,赵卓筠,赵卓筠,394条评论,,¥84.00,¥168.00,5.0折,,2020-09-07,http://product.dangdang.com/29247858.html,http://img3m8.ddimg.cn/90/24/29247858-1_l_6.jpg
当世界年纪还小的时候（珍藏版）,于尔克·舒比格,于尔克·舒比格,18086条评论,,¥32.50,¥88.00,3.7折,,2017-07-01,http://product.dangdang.com/25149450.html,http://img3m0.ddimg.cn/84/32/25149450-1_l_7.jpg
如何说孩子才会听 怎么听孩子才肯说（全新修订版，涂磊推荐）,（美）玛兹丽施　著，安燕玲　译 青豆书坊 出品,玛兹丽施,914788条评论,,¥32.10,¥36.80,8.7折,,2016-09-01,http://product.dangdang.com/24044642.html,http://img3m2.ddimg.cn/17/7/24044642-1_l_18.jpg
人类群星闪耀时（无删减全译本。《一个陌生女人的来信》作者茨威,〔奥〕斯蒂芬·茨威格 著，潘子力 高中甫 译,斯蒂芬·茨威格,117653条评论,,¥13.70,¥28.00,4.9折,¥1.99,2018-01-15,http://product.dangdang.com/25215595.html,http://img3m5.ddimg.cn/97/21/25215595-1_l_8.jpg
沉思录,马可.奥勒留 青豆书坊 出品,马可.奥勒留,288059条评论,,¥9.00,¥20.00,4.5折,,2008-02-01,http://product.dangdang.com/20086549.html,http://img3m9.ddimg.cn/43/26/20086549-1_l_3.jpg
人间失格（日本小说家太宰治代表作，一个对村上春树影响至深的绝,（日）太宰治　著，杨伟　译,太宰治,2162945条评论,,¥8.80,¥25.00,3.5折,¥4.99,2015-08-01,http://product.dangdang.com/23761145.html,http://img3m5.ddimg.cn/56/4/23761145-1_l_13.jpg
没有街道的城市（亲笔签名版）（中国首位国际安徒生奖得主曹文轩,曹文轩,曹文轩,2250条评论,,¥16.00,¥32.00,5.0折,,2021-05-07,http://product.dangdang.com/29240617.html,http://img3m7.ddimg.cn/76/35/29240617-1_l_6.jpg
学会管自己幼儿版-歪歪兔自控力教育系列绘本（全10册，幼儿园情绪,歪歪兔关键期早教项目组著绘,歪歪兔关键期早教项目组,190096条评论,,¥44.00,¥88.00,5.0折,,2017-06-01,http://product.dangdang.com/25083136.html,http://img3m6.ddimg.cn/1/22/25083136-1_l_21.jpg
纳尼亚传奇(七册套装，豆瓣评分9.1贾氏兄弟译本，78幅媲美西方经,（英）C.S.刘易斯 著 贾文浩 贾文渊 译,C.S.刘易斯,6019条评论,,¥82.30,¥168.00,4.9折,,2020-12-31,http://product.dangdang.com/29176360.html,http://img3m0.ddimg.cn/70/10/29176360-1_l_54.jpg
边城（沈从文代表作）,沈从文,沈从文,177873条评论,,¥15.70,¥32.00,4.9折,¥5.99,2019-04-01,http://product.dangdang.com/26922459.html,http://img3m9.ddimg.cn/3/1/26922459-1_l_17.jpg
小英雄雨来 （新版本，手绘精美插图）,管桦；小当当童书馆出品,管桦,77690条评论,,¥13.10,¥26.80,4.9折,,2019-04-01,http://product.dangdang.com/27869317.html,http://img3m7.ddimg.cn/25/29/27869317-1_l_12.jpg
郑渊洁十二生肖童话全12册,郑渊洁,郑渊洁,3041条评论,,¥100.00,¥200.00,5.0折,,2015-12-01,http://product.dangdang.com/29252675.html,http://img3m5.ddimg.cn/56/31/29252675-1_l_1.jpg
半小时漫画中国史1-5（全5册）（中国史大结局！笑着笑着，大清就,陈磊 著;读客文化 出品,陈磊,42285条评论,,¥109.70,¥219.50,5.0折,,2020-12-31,http://product.dangdang.com/29165521.html,http://img3m1.ddimg.cn/22/12/29165521-1_l_14.jpg
平凡的世界：全三册（全新2021版，茅盾文学奖获奖作品，激励青年,路遥  著 ， 新经典  出品,路遥,905982条评论,,¥98.00,¥138.00,7.1折,¥59.99,2021-06-01,http://product.dangdang.com/29253544.html,http://img3m4.ddimg.cn/34/12/29253544-1_l_14.jpg
半小时漫画青春期：生理篇（从变声长痘到脸红心跳，笑着笑着解决,陈磊·半小时漫画团队 著；读客文化 出品,陈磊·半小时漫画团队,36081条评论,,¥49.00,¥49.00,10.0折,¥12.99,2021-07-30,http://product.dangdang.com/29277698.html,http://img3m8.ddimg.cn/32/5/29277698-1_l_13.jpg
神奇校车·图画书版（全12册，新增科学博览会1册）,"(美)乔安娜柯尔 著 ,(美)布鲁斯·迪根 图",乔安娜柯尔,1623109条评论,,¥99.00,¥198.00,5.0折,,2018-05-10,http://product.dangdang.com/25252408.html,http://img3m8.ddimg.cn/82/19/25252408-1_l_72.jpg
趣说中国史：如果把中国422位皇帝放在一个群里，他们会聊些什么？,趣哥 著,趣哥,168709条评论,,¥24.90,¥49.80,5.0折,,2020-11-01,http://product.dangdang.com/29151341.html,http://img3m1.ddimg.cn/98/3/29151341-1_l_16.jpg
二十四节气自然绘本 让孩子了解自然的瞬息万变 科普百科绘本,肖克之,肖克之,136870条评论,,¥63.10,¥79.90,7.9折,,2020-08-01,http://product.dangdang.com/28987175.html,http://img3m5.ddimg.cn/74/6/28987175-1_l_6.jpg
作家榜经典：月亮与六便士（全新未删节插图珍藏版！毛姆写给年轻,[英] 毛姆 著，作家榜经典 出品，徐淳刚（诗人） 译，大星文化，高更 绘,毛姆,1321089条评论,,¥19.90,¥39.80,5.0折,¥3.99,2017-01-10,http://product.dangdang.com/24175371.html,http://img3m1.ddimg.cn/66/15/24175371-1_l_257.jpg
小动作大健康 付国兵教你轻松养生,付国兵 戴晓晖,付国兵,3525条评论,,¥59.20,¥68.00,8.7折,,2020-09-01,http://product.dangdang.com/29131044.html,http://img3m4.ddimg.cn/96/19/29131044-1_l_9.jpg
大语文那些事儿（全6册）大语文时代，得语文者得天下。字词、作文,赵旭,赵旭,57306条评论,,¥89.10,¥180.00,5.0折,,2020-10-01,http://product.dangdang.com/29194673.html,http://img3m3.ddimg.cn/68/8/29194673-1_l_29.jpg
文城（余华新书，时隔8年重磅归来，《活着》之后又一精彩力作）,余华  著 ， 新经典  出品,余华,245023条评论,,¥29.50,¥59.00,5.0折,¥39.50,2021-03-03,http://product.dangdang.com/29199440.html,http://img3m0.ddimg.cn/83/2/29199440-1_l_22.jpg
全球最美的100个地方 图说天下 国家地理,<图说天下.国家地理系列>编委会,图说天下.国家地理,303194条评论,,¥14.80,¥19.90,7.4折,¥8.00,2012-06-01,http://product.dangdang.com/22790547.html,http://img3m7.ddimg.cn/54/27/22790547-1_l_1.jpg
蟋蟀（手绘精美插图）,任大霖 著；小当当出品,任大霖,9760条评论,,¥12.60,¥25.80,4.9折,,2019-01-01,http://product.dangdang.com/26482583.html,http://img3m3.ddimg.cn/83/18/26482583-1_l_16.jpg
月亮与六便士（精装典藏版，未删节全译+详细详注+12幅高更画作+1,〔英〕毛姆 著 ；苏福忠 译,毛姆,92733条评论,,¥21.20,¥45.00,4.7折,,2019-06-01,http://product.dangdang.com/27874293.html,http://img3m3.ddimg.cn/51/10/27874293-1_l_9.jpg
无声告白（我们终此一生，就是要摆脱他人的期待，找到真正的自己,[美] 伍绮诗（Celeste Ng）；读客文化 出品,伍绮诗,540561条评论,,¥22.50,¥45.00,5.0折,,2015-06-01,http://product.dangdang.com/29300908.html,http://img3m8.ddimg.cn/76/16/29300908-1_l_3.jpg
局外人·鼠疫（诺奖得主加缪两大代表作《局外人》《鼠疫》。翻译,﹝法﹞阿尔贝·加缪（著），李玉民（译）,﹝法﹞阿尔贝·加缪,116515条评论,,¥12.80,¥33.00,3.9折,¥1.99,2018-01-01,http://product.dangdang.com/25203037.html,http://img3m7.ddimg.cn/13/6/25203037-1_l_7.jpg
审判（卡夫卡长篇代表作之一。钱满素、袁华清翻译）,〔奥〕卡夫卡 著；钱满素 袁华清  译,卡夫卡,105099条评论,,¥12.30,¥25.00,4.9折,¥1.99,2018-04-01,http://product.dangdang.com/25246600.html,http://img3m0.ddimg.cn/16/20/25246600-1_l_11.jpg
不一样的卡梅拉手绘本（1-12册）,"（法）克利斯提昂 约里波瓦著郑迪蔚译 ,（法）克利斯提昂 艾利施绘",克利斯提昂,864228条评论,,¥60.00,¥120.00,5.0折,,2013-06-01,http://product.dangdang.com/23257828.html,http://img3m8.ddimg.cn/55/35/23257828-1_l_14.jpg
心理抚养,李玫瑾,李玫瑾,36908条评论,,¥46.80,¥46.80,10.0折,¥45.99,2021-06-01,http://product.dangdang.com/29249369.html,http://img3m9.ddimg.cn/17/18/29249369-1_l_10.jpg
银火箭少年科幻系列·第1辑（8册。“雨果奖”得主、三体作者刘慈,刘慈欣、[英]赫伯特·乔治·威尔斯、[英]玛丽·雪莱等 著，小当当童书馆 出品,刘慈欣,614831条评论,,¥125.40,¥256.00,4.9折,,2018-04-02,http://product.dangdang.com/25259302.html,http://img3m2.ddimg.cn/46/31/25259302-1_l_25.jpg
我爸爸+我妈妈（全2册）——清华附小推荐经典儿童绘本 ！（启发童,〔英〕安东尼?布朗,安东尼,782450条评论,,¥60.00,¥79.60,7.5折,,2019-10-01,http://product.dangdang.com/27913770.html,http://img3m0.ddimg.cn/27/8/27913770-1_l_9.jpg
诸子百家闪耀时（《哲学家们都干了些什么？》作者林欣浩2020年新,林欣浩,林欣浩,4335条评论,,¥22.50,¥45.00,5.0折,,2020-09-01,http://product.dangdang.com/29121313.html,http://img3m3.ddimg.cn/67/19/29121313-1_l_9.jpg
霍乱时期的爱情（《百年孤独》作者马尔克斯传世巨著，展示爱情的,（哥伦比亚）加西亚 · 马尔克斯  著 ， 新经典  出品,哥伦比亚,794708条评论,,¥49.60,¥69.00,7.2折,¥25.70,2020-03-01,http://product.dangdang.com/28522850.html,http://img3m0.ddimg.cn/59/31/28522850-1_l_4.jpg
半小时漫画党史1921—1949（针对青少年研发，给孩子们讲党的故事,"上海人民出版社,半小时漫画团队 编绘；吴波 撰；读客文化 出品",上海人民出版社,49条评论,,¥24.90,¥49.90,5.0折,¥49.90,2021-09-01,http://product.dangdang.com/29303678.html,http://img3m8.ddimg.cn/74/11/29303678-1_l_12.jpg
中华人民共和国民法典（实用版）2021年1月起正式施行  团购电话：,中国法制出版社,中国法制出版社,275889条评论,,¥29.20,¥65.00,4.5折,,2020-06-01,http://product.dangdang.com/28558295.html,http://img3m5.ddimg.cn/62/30/28558295-1_l_7.jpg
致我独一无二的宝贝（联合国秘书长安东尼奥·古特雷斯高度评价，,（美）沙尼·金 著，（瑞士）安娜·霍瓦特 绘，小土大橙子 译,沙尼·金,78583条评论,,¥22.10,¥45.00,4.9折,,2020-10-14,http://product.dangdang.com/29131992.html,http://img3m2.ddimg.cn/54/5/29131992-1_l_21.jpg
山海奇想录:乌有镇历险记（少年中国成长系列，手绘精美插图）,寻麦 著，小当当童书馆 出品,寻麦,4263条评论,,¥13.90,¥27.80,5.0折,,2019-08-01,http://product.dangdang.com/27918784.html,http://img3m4.ddimg.cn/91/27/27918784-1_l_26.jpg
东野圭吾：解忧杂货店（胡歌、王俊凯、刘昊然倾情推荐，简体中文,（日）东野圭吾  著， 新经典  出品,东野圭吾,2428175条评论,,¥29.50,¥59.00,5.0折,¥19.99,2020-09-01,http://product.dangdang.com/29117361.html,http://img3m1.ddimg.cn/75/26/29117361-1_l_11.jpg
东野圭吾：恶意（2016版，东野圭吾四大杰作之一）,东野圭吾 著，娄美莲 译，新经典 出品,东野圭吾,790556条评论,,¥19.70,¥39.50,5.0折,¥26.00,2016-11-01,http://product.dangdang.com/24041704.html,http://img3m4.ddimg.cn/49/29/24041704-1_l_13.jpg
小狗钱钱（附赠免费亲子财商课+理财秘籍思维导图）,博多·舍费尔,博多·舍费尔,246664条评论,,¥19.90,¥39.80,5.0折,,2021-01-20,http://product.dangdang.com/29177871.html,http://img3m1.ddimg.cn/96/4/29177871-1_l_15.jpg
我们的汉字——任溶溶写给孩子的汉字书（百班千人推荐）,任溶溶,任溶溶,20121条评论,,¥17.90,¥38.00,4.7折,,2018-11-01,http://product.dangdang.com/29161515.html,http://img3m5.ddimg.cn/75/2/29161515-1_l_5.jpg
人间词话（王国维先生的代表作，近代较富盛名的词话著作）,王国维　著,王国维,559530条评论,,¥14.00,¥29.80,4.7折,¥0.00,2015-06-01,http://product.dangdang.com/23715237.html,http://img3m7.ddimg.cn/84/13/23715237-1_l_15.jpg
毛泽东选集（全四册，32开）,毛泽东 著,毛泽东,264510条评论,,¥56.70,¥81.00,7.0折,,1991-06-01,http://product.dangdang.com/23413230.html,http://img3m0.ddimg.cn/27/0/23413230-1_l_3.jpg
少年读徐霞客游记（游中国·地理启蒙，全3册）,刘兴诗,刘兴诗,47124条评论,,¥50.00,¥100.00,5.0折,,2020-09-01,http://product.dangdang.com/29122655.html,http://img3m5.ddimg.cn/23/29/29122655-1_l_14.jpg
浮生六记（非常容易读懂原文的版本：详细注解+准确优美直译。获得,（清）沈复 著   梦窗 译注,沈复,132321条评论,,¥16.80,¥35.00,4.8折,,2019-02-01,http://product.dangdang.com/26487694.html,http://img3m4.ddimg.cn/46/23/26487694-1_l_7.jpg
儒林外史(56回全本，内容考证、文字句读全新修订版),吴敬梓,吴敬梓,301013条评论,,¥11.80,¥25.00,4.7折,¥0.00,2015-07-01,http://product.dangdang.com/23733160.html,http://img3m0.ddimg.cn/88/28/23733160-1_l_9.jpg
米小圈脑筋急转弯（第一辑）（套装共4册）,北猫,北猫,596297条评论,,¥31.40,¥64.00,4.9折,,2016-01-01,http://product.dangdang.com/23878838.html,http://img3m8.ddimg.cn/38/0/23878838-1_l_6.jpg
张文鹤护肤指南（皮肤科专家张文鹤20年临床经验总结一本守护全家,张文鹤,张文鹤,125777条评论,,¥65.00,¥65.00,10.0折,¥32.50,2021-04-01,http://product.dangdang.com/29246520.html,http://img3m0.ddimg.cn/39/18/29246520-1_l_30.jpg
在峡江的转弯处：陈行甲人生笔记,陈行甲,陈行甲,44051条评论,,¥24.00,¥48.00,5.0折,,2021-01-26,http://product.dangdang.com/29180001.html,http://img3m1.ddimg.cn/48/25/29180001-1_l_17.jpg
追风筝的人（李雪琴、高圆圆动情推荐，《纽约时报》畅销书榜上榜,[美]卡勒德·胡赛尼（Khaled Hosseini） 著，李继宏 译,卡勒德·胡赛尼,1008939条评论,,¥25.60,¥45.00,5.7折,,2006-05-01,http://product.dangdang.com/29211508.html,http://img3m8.ddimg.cn/73/8/29211508-1_l_20.jpg
米小圈上学记一年级（套装共4册）,北猫,北猫,559979条评论,,¥49.00,¥100.00,4.9折,,2018-04-01,http://product.dangdang.com/25261327.html,http://img3m7.ddimg.cn/91/21/25261327-1_l_12.jpg
半小时漫画历史系列（共7册）中国史1-5+世界史1-2（看半小时漫画,陈磊.半小时漫画团队 著；读客文化 出品,陈磊.半小时漫画团队,156982条评论,,¥154.60,¥309.30,5.0折,,2021-06-30,http://product.dangdang.com/29252849.html,http://img3m9.ddimg.cn/32/20/29252849-1_l_9.jpg
父与子全集（彩色注音版）,卜劳恩,卜劳恩,117514条评论,,¥10.50,¥25.00,4.2折,,2017-12-01,http://product.dangdang.com/25201631.html,http://img3m1.ddimg.cn/92/6/25201631-1_l_4.jpg
瓦尔登湖(珍藏本) 朗读者朗读书目,（美）梭罗    知书达礼  出品,梭罗,581318条评论,,¥11.20,¥28.00,4.0折,,2010-12-01,http://product.dangdang.com/20971873.html,http://img3m3.ddimg.cn/10/14/20971873-1_l_17.jpg
科幻世界·三体(一),刘慈欣，科幻世界出品,刘慈欣,319536条评论,,¥12.20,¥23.00,5.3折,¥12.99,2008-01-01,http://product.dangdang.com/20989573.html,http://img3m3.ddimg.cn/88/28/20989573-1_l_16.jpg
活法,【日】稻盛和夫,稻盛和夫,334424条评论,,¥20.80,¥38.00,5.5折,,2019-11-01,http://product.dangdang.com/28481444.html,http://img3m4.ddimg.cn/35/28/28481444-1_l_9.jpg
父与子全集·拼音故事版（郑渊洁推荐版！1115幅原版漫画高清修复,[德] 埃·奥·卜劳恩 绘，作家榜经典 出品，大星文化,埃·奥·卜劳恩,201300条评论,,¥49.50,¥99.00,5.0折,,2019-11-28,http://product.dangdang.com/28505321.html,http://img3m1.ddimg.cn/53/3/28505321-1_l_54.jpg
华夏万卷 楷书入门6件套 楷书字帖田英章书钢笔字帖成人学生硬笔书,田英章 书,田英章,43027条评论,,¥23.80,¥66.00,3.6折,,2018-12-01,http://product.dangdang.com/29130546.html,http://img3m6.ddimg.cn/93/2/29130546-1_l_13.jpg
米小圈漫画成语（套装共5册）,北猫,北猫,461085条评论,,¥49.00,¥100.00,4.9折,,2020-01-01,http://product.dangdang.com/28519113.html,http://img3m3.ddimg.cn/84/31/28519113-1_l_10.jpg
明朝那些事儿增补版.全集（全新印签版）,当年明月 著,当年明月,337499条评论,,¥393.00,¥405.00,9.7折,¥202.50,2017-05-01,http://product.dangdang.com/29296796.html,http://img3m6.ddimg.cn/23/11/29296796-1_l_12.jpg
简爱（英国女作家夏洛蒂·勃朗特的长篇小说，翻译家宋兆霖未删节,（英）夏洛蒂勃朗特　著，宋兆霖　译,夏洛蒂勃朗特,246124条评论,,¥14.00,¥29.80,4.7折,¥1.99,2015-08-01,http://product.dangdang.com/23752765.html,http://img3m5.ddimg.cn/91/23/23752765-1_l_10.jpg
李佳琦直播推荐 学会爱自己（防性侵，安全意识、行为习惯培养绘本,珊蒂克雷文，茱蒂柏斯玛，佩特拉敏特尔（德），安德烈乌斯塔科夫（德）等,珊蒂克雷文,378706条评论,,¥96.00,¥192.00,5.0折,,2016-02-01,http://product.dangdang.com/23851466.html,http://img3m6.ddimg.cn/89/8/23851466-1_l_46.jpg
信谊世界精选图画书-猜猜我有多爱你,[英] 山姆·麦克布雷尼 著，[英] 安妮塔·婕朗 绘，梅子涵 译,山姆·麦克布雷尼,77264条评论,,¥21.90,¥43.80,5.0折,,2020-09-01,http://product.dangdang.com/29132118.html,http://img3m8.ddimg.cn/81/20/29132118-1_l_15.jpg
也许你该找个人聊聊（继《蛤蟆先生去看心理医生》后，又一个关于,[美]洛莉·戈特利布，译者 张含笑 ，果麦文化 出品,洛莉·戈特利布,16467条评论,,¥34.00,¥68.00,5.0折,¥29.99,2021-06-01,http://product.dangdang.com/29262795.html,http://img3m5.ddimg.cn/78/13/29262795-1_l_9.jpg
暖房子·屁屁侦探系列（套装共6册）,【日】Troll/文、图 甜老虎 黄春琦 译,Troll,75404条评论,,¥52.80,¥96.00,5.5折,,2019-02-01,http://product.dangdang.com/26924156.html,http://img3m6.ddimg.cn/17/33/26924156-1_l_5.jpg
美国儿科学会育儿百科（第7版）,美) 塔尼娅·奥尔特曼,塔尼娅·奥尔特曼,359064条评论,,¥64.80,¥108.00,6.0折,¥32.15,2020-12-01,http://product.dangdang.com/29133667.html,http://img3m7.ddimg.cn/46/15/29133667-1_l_4.jpg
理解人性（成熟不是看懂事情，而是看透人性。）,(奥) 阿德勒 (Alfred Adler) 著，文通天下　出品,阿德勒,47854条评论,,¥17.60,¥46.00,3.8折,¥8.90,2020-02-20,http://product.dangdang.com/28521430.html,http://img3m0.ddimg.cn/25/17/28521430-1_l_11.jpg
大宇宙  和爸妈游太空  给孩子的手绘天文绘本,马劲,马劲,140756条评论,,¥63.10,¥79.90,7.9折,,2020-03-23,http://product.dangdang.com/28526631.html,http://img3m1.ddimg.cn/78/1/28526631-1_l_6.jpg
跟着诗词去旅行 图说天下 寻梦之旅,郝娟菡,郝娟菡,134856条评论,,¥22.10,¥29.90,7.4折,,2019-09-01,http://product.dangdang.com/27942606.html,http://img3m6.ddimg.cn/54/21/27942606-1_l_3.jpg
人间值得（90岁心理医生恒子奶奶写给生活的哲思小书。十点读书、,[日]中村恒子（恒子奶奶）著，紫图图书  出品,中村恒子,509516条评论,,¥23.50,¥49.90,4.7折,¥1.99,2019-09-01,http://product.dangdang.com/27931206.html,http://img3m6.ddimg.cn/39/17/27931206-1_l_576.jpg
月亮和六便士（毛姆代表作之一，全新导读+无删节详注版）,〔英〕毛姆 著  苏福忠 译,毛姆,574159条评论,,¥12.70,¥27.00,4.7折,¥2.99,2017-09-01,http://product.dangdang.com/25126128.html,http://img3m8.ddimg.cn/27/20/25126128-1_l_17.jpg
父与子全集（全彩版。一代幽默大师卜劳恩的爆笑暖心漫画）,[德] 埃·奥·卜劳恩  绘,埃·奥·卜劳恩,129542条评论,,¥17.60,¥36.00,4.9折,¥0.00,2017-04-01,http://product.dangdang.com/25061583.html,http://img3m3.ddimg.cn/30/3/25061583-1_l_12.jpg
小王子（纪念版，李继宏口碑译作，作者基金会官方认证简体中文版,（法）安托万·德·圣埃克苏佩里，译者 李继宏，果麦文化 出品,安托万·德·圣埃克苏佩里,1446287条评论,,¥19.90,¥39.80,5.0折,¥3.00,2018-06-03,http://product.dangdang.com/25298376.html,http://img3m6.ddimg.cn/15/33/25298376-1_l_54.jpg
山茶文具店（陆定昊诚挚推荐，日本畅销作家小川糸备受好评暖心之,"小川糸 著,博集天卷 出品",小川糸,128509条评论,,¥19.40,¥49.80,3.9折,¥7.99,2018-03-31,http://product.dangdang.com/25238317.html,http://img3m7.ddimg.cn/49/25/25238317-1_l_6.jpg
宫西达也“你肯定能行”绘本（全18册）,[日]宫西达也,宫西达也,359167条评论,,¥159.00,¥318.00,5.0折,,2020-10-01,http://product.dangdang.com/29132133.html,http://img3m3.ddimg.cn/96/35/29132133-1_l_17.jpg
这就是物理（函套10册）,约瑟夫·米森（Joseph Midthun） 萨缪·希提（Sam Hiti）,约瑟夫·米森,168252条评论,,¥99.90,¥200.00,5.0折,,2019-07-01,http://product.dangdang.com/27909879.html,http://img3m9.ddimg.cn/96/2/27909879-1_l_9.jpg
"两地书：鲁迅许广平定情之作，裸脊锁线典藏版,《见字如面》重磅推","鲁迅,许广平 著",鲁迅,3164条评论,,¥39.30,¥49.80,7.9折,¥23.88,2020-08-01,http://product.dangdang.com/29137948.html,http://img3m8.ddimg.cn/70/4/29137948-1_l_14.jpg
心灵教科书绘本系列：西兰花先生的理发店（教会孩子：敢于打破常,[日] 福田纯子/著绘 丁虹/译,福田纯子,31151条评论,,¥29.90,¥59.80,5.0折,,2021-01-01,http://product.dangdang.com/29167684.html,http://img3m4.ddimg.cn/7/29/29167684-1_l_28.jpg
双城记（狄更斯经典代表作，逝世150周年纪念版！翻译泰斗宋兆霖权,（英）查尔斯·狄更斯著 宋兆霖译 知书达礼 出品,查尔斯·狄更斯,32276条评论,,¥34.40,¥49.80,6.9折,¥12.88,2020-07-01,http://product.dangdang.com/28990834.html,http://img3m4.ddimg.cn/70/2/28990834-1_l_17.jpg
皮囊（400万册纪念版，直面人生的难题，刻在骨头里的故事，容纳一,蔡崇达，果麦文化 出品,蔡崇达,1206932条评论,,¥24.90,¥49.80,5.0折,¥9.90,2019-05-01,http://product.dangdang.com/27872661.html,http://img3m1.ddimg.cn/3/6/27872661-1_l_31.jpg
沉默的大多数（爱智慧、爱自由、反对愚蠢，读王小波的“上头之选,王小波  著 ， 新经典  出品,王小波,299754条评论,,¥29.50,¥59.00,5.0折,¥29.49,2021-01-01,http://product.dangdang.com/29176568.html,http://img3m8.ddimg.cn/80/33/29176568-1_l_27.jpg
父母的语言：3000万词汇塑造更强大的学习型大脑,[美]达娜·萨斯金德（Dana Suskind），MD 贝丝·萨斯金德（Bet,达娜·萨斯金德,189092条评论,,¥56.50,¥59.00,9.6折,,2021-06-15,http://product.dangdang.com/29252406.html,http://img3m6.ddimg.cn/84/21/29252406-1_l_8.jpg
我的第一本地理启蒙书,郑利强 段虹(绘) 步印童书 出品,郑利强,918807条评论,,¥24.90,¥49.80,5.0折,,2016-06-01,http://product.dangdang.com/23967348.html,http://img3m8.ddimg.cn/42/6/23967348-1_l_18.jpg
改革开放简史（32开）,,人民出版社,条评论,,¥27.20,¥32.00,8.5折,,2021-08-30,http://product.dangdang.com/29294986.html,http://img3m6.ddimg.cn/94/14/29294986-1_l_12.jpg
围城,钱钟书　著,钱钟书,1146217条评论,,¥22.00,¥39.00,5.6折,,1991-02-01,http://product.dangdang.com/22819334.html,http://img3m4.ddimg.cn/32/28/22819334-1_l_3.jpg
地球100神秘地带 图说天下 国家地理,<图说天下国家地理系列>编委会,图说天下国家地理,49095条评论,,¥13.60,¥19.90,6.8折,,2012-06-01,http://product.dangdang.com/22790513.html,http://img3m3.ddimg.cn/20/30/22790513-1_l_2.jpg
橘子不是唯一的水果,（英）珍妮特·温特森  著， 新经典  出品,珍妮特·温特森,179244条评论,,¥24.50,¥49.00,5.0折,¥29.40,2018-04-01,http://product.dangdang.com/25233927.html,http://img3m7.ddimg.cn/15/1/25233927-1_l_2.jpg
非暴力沟通,（美）马歇尔?卢森堡著   阮胤华译,马歇尔,924600条评论,,¥29.40,¥49.00,6.0折,¥5.99,2018-08-31,http://product.dangdang.com/25334272.html,http://img3m2.ddimg.cn/73/2/25334272-1_l_1.jpg
逻辑学入门：清晰思考、理性生活的88个逻辑学常识,格桑,格桑,31390条评论,,¥40.70,¥42.80,9.5折,¥16.99,2020-09-01,http://product.dangdang.com/29125207.html,http://img3m7.ddimg.cn/1/28/29125207-1_l_6.jpg
山月记（如果你很迷茫！自我拉扯！一定要读《山月记》。日本文豪,（日）中岛敦，译者 徐建雄，绘者 撒旦君，果麦文化 出品,中岛敦,140232条评论,,¥22.50,¥45.00,5.0折,¥6.99,2019-02-01,http://product.dangdang.com/26514431.html,http://img3m1.ddimg.cn/53/9/26514431-1_l_20.jpg
断舍离（2019新版，全新修订50%以上内容）宫崎骏、张德芬、李冰冰,"山下英子 著,博集天卷 出品",山下英子,307040条评论,,¥22.50,¥45.00,5.0折,¥11.99,2019-01-11,http://product.dangdang.com/26482259.html,http://img3m9.ddimg.cn/56/27/26482259-1_l_15.jpg
罗生门（芥川龙之介小说集。《人间失格》作者太宰治是芥川的头号,［日］芥川龙之介 著，高慧勤 译,芥川龙之介,430916条评论,,¥14.60,¥31.00,4.7折,¥1.99,2017-12-01,http://product.dangdang.com/25190564.html,http://img3m4.ddimg.cn/14/2/25190564-1_l_7.jpg
活了100万次的猫（珍藏版）,（日）佐野洋子 著,佐野洋子,425350条评论,,¥25.90,¥36.00,7.2折,,2017-04-01,http://product.dangdang.com/25108090.html,http://img3m0.ddimg.cn/7/1/25108090-1_l_23.jpg
故宫六百年（上下册）（去过故宫1000多次的史学大家阎崇年完整讲,阎崇年,阎崇年,69688条评论,,¥69.50,¥139.00,5.0折,,2020-04-30,http://product.dangdang.com/28531652.html,http://img3m2.ddimg.cn/50/27/28531652-1_l_9.jpg
我们仨（新版）,杨绛,杨绛,1503062条评论,,¥21.00,¥28.00,7.5折,,2018-06-01,http://product.dangdang.com/25284154.html,http://img3m4.ddimg.cn/49/19/25284154-1_l_27.jpg
大熊先生盖房子（澳大利亚青少年图书奖获奖作家、加拿大总督奖获,(澳) 珍·戈德温、(澳) 迈克尔·瓦格纳 文，(加) 安德鲁·乔伊纳 图，方素珍 译，小当当童书馆 出品,珍·戈德温,83144条评论,,¥22.10,¥45.00,4.9折,,2017-11-01,http://product.dangdang.com/25183398.html,http://img3m8.ddimg.cn/75/14/25183398-1_l_13.jpg
一九八四（又译“1984”。奥威尔代表作，反乌托邦杰作之一）,"[英]乔治·奥威尔 著,傅霞 译",乔治·奥威尔,202596条评论,,¥15.00,¥32.00,4.7折,¥1.99,2018-02-05,http://product.dangdang.com/25215594.html,http://img3m4.ddimg.cn/96/20/25215594-1_l_11.jpg
古文观止（上下册，原文+导读+注释+翻译，特别适合青少年）,[清]吴楚材，吴调侯 编  钱素洲 译,吴楚材,254342条评论,,¥24.40,¥52.00,4.7折,¥3.99,2016-09-01,http://product.dangdang.com/24021172.html,http://img3m2.ddimg.cn/10/32/24021172-1_l_18.jpg
非常疑犯（“法医笔记”系列重磅新作。《时代周刊》报道的中国法,红眸 著，真故图书 出品,红眸,17511条评论,,¥26.00,¥52.00,5.0折,,2021-08-31,http://product.dangdang.com/29294634.html,http://img3m4.ddimg.cn/39/32/29294634-1_l_20.jpg
理想国（2020全译本，西方哲学的源头，清华大学、北京大学图书馆,（古希腊）柏拉图著  张俊译 知书达礼 出品,柏拉图,8430条评论,,¥38.60,¥56.00,6.9折,¥9.40,2020-07-01,http://product.dangdang.com/28973100.html,http://img3m0.ddimg.cn/57/28/28973100-1_l_9.jpg
让孩子爱上科学的大百科（共6册）趣味实验/游戏/生命/野外探险/天,日本学研社 php研究所 秋山仁等,日本学研社,163100条评论,,¥273.60,¥608.00,4.5折,,2020-09-01,http://product.dangdang.com/29120270.html,http://img3m0.ddimg.cn/14/12/29120270-1_l_9.jpg
【樊登推荐】考试脑科学 脑科学中的高效记忆法（图灵出品）,[日]池谷裕二,池谷裕二,133957条评论,,¥39.80,¥59.80,6.7折,¥29.90,2021-03-01,http://product.dangdang.com/29222270.html,http://img3m0.ddimg.cn/44/3/29222270-1_l_29.jpg
底层逻辑（当当专享签名版， 畅销书作家+青年导师李尚龙、刘媛媛,"吕白 著,博集天卷 出品",吕白,10868条评论,,¥24.00,¥48.00,5.0折,¥29.99,2021-09-01,http://product.dangdang.com/29297030.html,http://img3m0.ddimg.cn/59/23/29297030-1_l_5.jpg
夏天、烟火和我的尸体（张震、田燚推荐。乙一16岁惊世成名作，高,（日）乙一   著，  新经典   出品,乙一,164367条评论,,¥22.50,¥45.00,5.0折,¥21.65,2019-09-01,http://product.dangdang.com/27941986.html,http://img3m6.ddimg.cn/28/30/27941986-1_l_9.jpg
窗边的小豆豆(2018版),（日）黑柳彻子， 爱心树童书  出品,黑柳彻子,1497294条评论,,¥31.20,¥39.50,7.9折,¥35.99,2018-05-01,http://product.dangdang.com/25272786.html,http://img3m6.ddimg.cn/66/10/25272786-1_l_19.jpg
中华人民共和国简史（32开）,,人民出版社,条评论,,¥32.30,¥38.00,8.5折,,2021-08-30,http://product.dangdang.com/29294984.html,http://img3m4.ddimg.cn/92/12/29294984-1_l_3.jpg
写给儿童的中国历史（中国孩子的历史启蒙，真正写给孩子看的中国,陈卫平著 步印童书 出品,陈卫平,942370条评论,,¥177.50,¥355.00,5.0折,,2014-04-01,http://product.dangdang.com/23427436.html,http://img3m6.ddimg.cn/76/35/23427436-1_l_18.jpg
科幻世界·三体(二)黑暗森林,刘慈欣，科幻世界出品,刘慈欣,231418条评论,,¥17.00,¥32.00,5.3折,¥13.99,2008-05-01,http://product.dangdang.com/20974282.html,http://img3m2.ddimg.cn/43/18/20974282-1_l_15.jpg
"西西弗神话（诺贝尔文学奖得主,加缪的荒诞哲学代表作)",（法）阿尔贝·加缪著，李玉民译，知书达礼 出品,阿尔贝·加缪,13989条评论,,¥34.40,¥49.80,6.9折,¥12.88,2020-09-01,http://product.dangdang.com/29134555.html,http://img3m5.ddimg.cn/43/15/29134555-1_l_9.jpg
汪曾祺散文集：万事有心，人间有味（麦家、冯唐、贾平凹等都推崇,汪曾祺 著 时代华语 出品,汪曾祺,110734条评论,,¥21.00,¥42.00,5.0折,¥7.99,2019-04-01,http://product.dangdang.com/27856029.html,http://img3m9.ddimg.cn/3/24/27856029-1_l_22.jpg
罗尔德·达尔作品典藏 了不起的狐狸爸爸,罗尔德·达尔,罗尔德·达尔,625370条评论,,¥7.50,¥15.00,5.0折,¥2.99,2017-05-01,http://product.dangdang.com/25110012.html,http://img3m2.ddimg.cn/48/36/25110012-1_l_26.jpg
阿Q正传（收录鲁迅《阿Q正传》《狂人日记》《药》等17个中短篇小,鲁迅  著,鲁迅,203882条评论,,¥9.40,¥20.00,4.7折,¥0.00,2014-12-01,http://product.dangdang.com/23629643.html,http://img3m3.ddimg.cn/26/0/23629643-1_l_9.jpg
哈利·波特（套装1-7册）《语文》教材推荐阅读书目，外国儿童文学,（英）J.K.罗琳 著； 苏农，马爱农，马爱新 译,J.K.罗琳,368038条评论,,¥346.00,¥438.00,7.9折,¥150.00,2018-11-01,http://product.dangdang.com/25583206.html,http://img3m6.ddimg.cn/22/0/25583206-1_l_3.jpg
终身成长：重新定义成功的思维模式,[美]卡罗尔·德韦克（Carol Dweck) ， 译者：楚祎楠   后浪,卡罗尔·德韦克,261706条评论,,¥24.90,¥49.80,5.0折,¥9.99,2017-11-01,http://product.dangdang.com/25166912.html,http://img3m2.ddimg.cn/23/30/25166912-1_l_36.jpg
余秋雨经典：文化苦旅（30周年纪念版）,余秋雨 著 时代华语 出品,余秋雨,15895条评论,,¥27.40,¥49.80,5.5折,,2019-04-01,http://product.dangdang.com/27854238.html,http://img3m8.ddimg.cn/93/9/27854238-1_l_19.jpg
人类群星闪耀时（14个改变人类命运的天才，14个影响人类文明的瞬,(奥地利)茨威格 著；读客文化 出品,茨威格,116853条评论,,¥34.50,¥69.00,5.0折,¥2.99,2019-04-01,http://product.dangdang.com/26919639.html,http://img3m9.ddimg.cn/54/30/26919639-1_l_33.jpg
天才在左 疯子在右(全新完整版),高铭 著，磨铁图书 出品,高铭,1472605条评论,,¥49.80,¥49.80,10.0折,¥11.99,2018-05-01,http://product.dangdang.com/25285092.html,http://img3m2.ddimg.cn/96/32/25285092-1_l_4.jpg
西游记原著版（上、下册）（团购电话:400-1066666转6）,吴承恩,吴承恩,347069条评论,,¥31.00,¥47.20,6.6折,¥29.00,2010-10-01,http://product.dangdang.com/104336.html,http://img3m6.ddimg.cn/89/33/104336-1_l_3.jpg
山海经（白话全译彩图版珍藏版）,徐客  著    紫图图书   出品,徐客,300490条评论,,¥32.00,¥68.00,4.7折,¥1.99,2012-03-01,http://product.dangdang.com/22627427.html,http://img3m7.ddimg.cn/86/3/22627427-1_l_33.jpg
锦绣旗袍 (全二册),周业娅,周业娅,4069条评论,,¥18.78,¥62.60,3.0折,¥26.99,2017-01-31,http://product.dangdang.com/24144501.html,http://img3m1.ddimg.cn/84/3/24144501-1_l_14.jpg
东野圭吾：嫌疑人X的献身（易烊千玺、王凯推荐，至为纯粹的爱情，,东野圭吾 著，刘子倩 译，新经典 出品,东野圭吾,850710条评论,,¥24.10,¥35.00,6.9折,¥17.99,2014-06-01,http://product.dangdang.com/23490646.html,http://img3m6.ddimg.cn/25/12/23490646-1_l_6.jpg
愿你慢慢长大（与刘瑜、周国平、冯唐等名家一起开始一场温柔的教,刘瑜、周国平等，联合读创   出品,刘瑜,162283条评论,,¥39.20,¥45.00,8.7折,¥9.99,2018-01-01,http://product.dangdang.com/25193588.html,http://img3m8.ddimg.cn/68/29/25193588-1_l_23.jpg
人生没什么不可放下：弘一法师的人生智慧（弘一法师彻悟一生的人,宋默 著，文通天下 出品,宋默,106536条评论,,¥16.40,¥32.80,5.0折,¥8.20,2014-01-01,http://product.dangdang.com/23394853.html,http://img3m3.ddimg.cn/64/12/23394853-1_l_31.jpg
高效能人士的七个习惯（30周年纪念版）（全新增订版）（新增《纽,（美）史蒂芬·柯维 ，高新勇、王亦兵、葛雪蕾译； 中青文  出品,史蒂芬·柯维,224727条评论,,¥46.60,¥79.00,5.9折,,2020-05-30,http://product.dangdang.com/28979183.html,http://img3m3.ddimg.cn/2/6/28979183-1_l_29.jpg
天堂旅行团（当当专享寄语印签环衬+精编小册子，继《全世界》《云,"张嘉佳 著,博集天卷 出品",张嘉佳,45138条评论,,¥26.40,¥48.00,5.5折,¥29.99,2021-08-01,http://product.dangdang.com/29288121.html,http://img3m1.ddimg.cn/60/31/29288121-1_l_46976.jpg
一个陌生女人的来信（茨威格中短篇小说选，豆瓣9.4高评分译作，德,〔奥〕斯蒂芬·茨威格 著  高中甫 韩耀成 译,斯蒂芬·茨威格,186883条评论,,¥10.30,¥22.00,4.7折,¥1.99,2017-09-01,http://product.dangdang.com/25126131.html,http://img3m1.ddimg.cn/30/23/25126131-1_l_17.jpg
斯蒂芬·金系列：肖申克的救赎（纪念珍藏版 ）（翟潇闻推荐，获得,[美]斯蒂芬·金 著,斯蒂芬·金,24363条评论,,¥27.50,¥55.00,5.0折,,2018-09-01,http://product.dangdang.com/25329959.html,http://img3m9.ddimg.cn/17/18/25329959-1_l_8.jpg
彩虹色的花,麦克?格雷涅茨,麦克,220304条评论,,¥22.80,¥46.00,5.0折,,2018-07-01,http://product.dangdang.com/25311931.html,http://img3m1.ddimg.cn/7/9/25311931-1_l_6.jpg
富爸爸穷爸爸（新版本）当当投资理财类图书！本版随书附赠价值19,【美】罗伯特·清崎    萧明 译,罗伯特·清崎,499653条评论,,¥42.30,¥89.00,4.8折,¥34.00,2019-08-01,http://product.dangdang.com/27902388.html,http://img3m8.ddimg.cn/30/22/27902388-1_l_15.jpg
假如历史会说话（全4册）,赵晔,赵晔,866条评论,,¥110.00,¥220.00,5.0折,,2021-03-01,http://product.dangdang.com/29242286.html,http://img3m6.ddimg.cn/62/2/29242286-1_l_23.jpg
科幻世界·三体(三)死神永生,刘慈欣，科幻世界出品,刘慈欣,225678条评论,,¥26.90,¥38.00,7.1折,¥14.99,2010-11-01,http://product.dangdang.com/20994167.html,http://img3m7.ddimg.cn/29/34/20994167-1_l_12.jpg
小鸡球球触感玩具书：全5册,[日]入山智 著绘；崔维燕 译；心喜阅童书出品,入山智,396301条评论,,¥125.00,¥250.00,5.0折,,2016-11-15,http://product.dangdang.com/24105221.html,http://img3m1.ddimg.cn/8/17/24105221-1_l_82.jpg
外婆的道歉信（外婆说，要大笑要做梦要与众不同。人生是一场伟大,[瑞典]弗雷德里克·巴克曼，译者 孟汇一，果麦文化 出品,弗雷德里克·巴克曼,552204条评论,,¥21.00,¥42.00,5.0折,¥12.99,2017-05-01,http://product.dangdang.com/25072421.html,http://img3m1.ddimg.cn/77/0/25072421-1_l_33.jpg
我喜欢生命本来的样子(周国平经典散文作品集),周国平,周国平,685241条评论,,¥22.10,¥45.00,4.9折,,2017-02-01,http://product.dangdang.com/24198400.html,http://img3m0.ddimg.cn/28/30/24198400-1_l_14.jpg
遇见未知的自己：全新修订版,"张德芬 著,博集天卷 出品",张德芬,347990条评论,,¥26.00,¥52.00,5.0折,,2019-12-15,http://product.dangdang.com/28486644.html,http://img3m4.ddimg.cn/87/11/28486644-1_l_7.jpg
米小圈上学记二年级（套装共4册）,北猫,北猫,378915条评论,,¥49.00,¥100.00,4.9折,,2018-04-01,http://product.dangdang.com/25261323.html,http://img3m3.ddimg.cn/87/17/25261323-1_l_12.jpg
牛虻（我一定要走自己的路，追随我所见到的光明。无数人因为读它,(爱尔兰) 艾捷尔·丽莲·伏尼契著，古绪满译，知书达礼 出品,艾捷尔·丽莲·伏尼契,14758条评论,,¥34.40,¥49.80,6.9折,¥12.88,2020-09-01,http://product.dangdang.com/29134539.html,http://img3m9.ddimg.cn/27/36/29134539-1_l_5.jpg
四五快读 全彩图升级版——幼儿快速识字阅读法（全8册）(让孩子爱,杨其铎　著,杨其铎,428998条评论,,¥143.80,¥211.40,6.8折,,2012-02-01,http://product.dangdang.com/22745425.html,http://img3m5.ddimg.cn/76/8/22745425-1_l_21.jpg
夜航船（读过《夜航船》，灵魂才有趣！贾平凹、余秋雨推崇阅读),(明) 张岱著，知书达礼 出品,张岱,25665条评论,,¥34.40,¥49.80,6.9折,¥16.88,2020-10-01,http://product.dangdang.com/29138967.html,http://img3m7.ddimg.cn/0/24/29138967-1_l_15.jpg
张嘉佳作品集：天堂旅行团+云边有个小卖部（随机赠送卡通贴纸）,"张嘉佳 著,博集天卷 出品",张嘉佳,5257条评论,,¥45.00,¥90.00,5.0折,,2021-08-01,http://product.dangdang.com/29288071.html,http://img3m1.ddimg.cn/10/18/29288071-1_l_7.jpg
暖房子·屁屁侦探系列（套装共7册）,【日】Troll/文、图 甜老虎 黄春琦 译,Troll,46537条评论,,¥63.30,¥115.00,5.5折,,2020-07-01,http://product.dangdang.com/29128839.html,http://img3m9.ddimg.cn/69/34/29128839-1_l_11.jpg
世界上最棒的礼物——图画中隐藏无数细节，让小小孩玩过瘾！,文/图：赖马,赖马,95747条评论,,¥22.90,¥45.80,5.0折,,2019-06-30,http://product.dangdang.com/27909397.html,http://img3m7.ddimg.cn/10/1/27909397-1_l_9.jpg
墨菲定律（精装纪念版）（只要有可能，就一定会发生。）,张文成 著，文通天下 出品,张文成,460199条评论,,¥17.50,¥45.00,3.9折,¥3.99,2019-05-08,http://product.dangdang.com/27864499.html,http://img3m9.ddimg.cn/58/21/27864499-1_l_20.jpg
钝感力（渡边淳一经典励志大作！央视新闻、《奇葩说》鼎力推荐，,渡边淳一著；李迎跃 译;,渡边淳一,392447条评论,,¥16.00,¥32.00,5.0折,,2018-01-01,http://product.dangdang.com/25201859.html,http://img3m9.ddimg.cn/23/12/25201859-1_l_29.jpg
王阳明传：知行合一的心学圣人,燕山刀客 著,燕山刀客,38838条评论,,¥23.00,¥48.00,4.8折,¥9.99,2019-02-28,http://product.dangdang.com/26492243.html,http://img3m3.ddimg.cn/41/21/26492243-1_l_20.jpg
你就是孩子最好的玩具樊登导读 樊登博士的育儿成功之道，五步情感,金伯莉·布雷恩,金伯莉·布雷恩,553797条评论,,¥46.00,¥46.00,10.0折,,2021-05-01,http://product.dangdang.com/29239973.html,http://img3m3.ddimg.cn/26/20/29239973-1_l_15.jpg
万物由来的秘密（全8册）,曹玲等 著；金麟等 绘,曹玲,2004条评论,,¥86.00,¥172.00,5.0折,,2021-09-01,http://product.dangdang.com/29285365.html,http://img3m5.ddimg.cn/76/13/29285365-1_l_6.jpg
傲慢与偏见（孙致礼先生翻译，幽默&唯美，豆瓣9.1分译本）,［英］奥斯丁 著 孙致礼 译,奥斯丁,155257条评论,,¥15.50,¥33.00,4.7折,¥2.96,2017-01-01,http://product.dangdang.com/24170731.html,http://img3m1.ddimg.cn/79/0/24170731-1_l_15.jpg
苏东坡传（林语堂纪念典藏精装版）,"林语堂 著,博集天卷 出品",林语堂,609585条评论,,¥26.00,¥52.00,5.0折,¥17.99,2018-01-01,http://product.dangdang.com/25211578.html,http://img3m8.ddimg.cn/40/0/25211578-1_l_8.jpg
梁实秋：为这人间操碎了心（一本解闷宝书，文学泰斗梁实秋趣味散,梁实秋 著  时代华语 出品,梁实秋,30374条评论,,¥21.00,¥42.00,5.0折,,2020-10-01,http://product.dangdang.com/29129870.html,http://img3m0.ddimg.cn/11/29/29129870-1_l_22.jpg
小熊和最好的爸爸（全7册）,（荷）阿兰德·丹姆  著，（荷）亚历克斯·沃尔夫  绘，漆仰平，爱桐  译,阿兰德·丹姆,1435999条评论,,¥17.50,¥35.00,5.0折,,2007-11-01,http://product.dangdang.com/20039611.html,http://img3m1.ddimg.cn/31/4/20039611-1_l_28.jpg
下雨的书店（全4册）,（日）日向理惠子 著，（日）吉田尚令 绘，爱心树童书 出品,日向理惠子,42655条评论,,¥66.50,¥133.00,5.0折,,2021-08-01,http://product.dangdang.com/29271454.html,http://img3m4.ddimg.cn/25/14/29271454-1_l_9.jpg
余秀华作品3册精选套装（陈鲁豫，詹青云，李玉刚等名人读诗音频）,余秀华  著 ， 新经典  出品,余秀华,5790条评论,,¥77.50,¥155.00,5.0折,,2020-10-09,http://product.dangdang.com/29137632.html,http://img3m2.ddimg.cn/51/21/29137632-1_l_2.jpg
父与子全集（全彩精装版。一代幽默大师卜劳恩的爆笑暖心漫画）,[德] 埃·奥·卜劳恩  绘,埃·奥·卜劳恩,40667条评论,,¥22.10,¥45.00,4.9折,,2018-04-16,http://product.dangdang.com/25251909.html,http://img3m9.ddimg.cn/78/1/25251909-1_l_8.jpg
中国通史（吕思勉先生写给普通读者的中国通史入门书）,吕思勉　著,吕思勉,176074条评论,,¥18.70,¥39.80,4.7折,¥0.00,2015-01-01,http://product.dangdang.com/23655301.html,http://img3m1.ddimg.cn/43/17/23655301-1_l_13.jpg
哈利·波特与魔法石（《语文》教材推荐阅读书目，外国儿童文学经,（英）J.K.罗琳,J.K.罗琳,317704条评论,,¥33.10,¥42.00,7.9折,,2018-11-01,http://product.dangdang.com/25479421.html,http://img3m1.ddimg.cn/88/0/25479421-1_l_1.jpg
洛克菲勒留给儿子的38封信,（美）洛克菲勒　原著，张占磊　编译  知书达礼 出品,洛克菲勒,99343条评论,,¥9.90,¥28.00,3.5折,¥11.00,2012-10-01,http://product.dangdang.com/22859328.html,http://img3m8.ddimg.cn/30/25/22859328-1_l_4.jpg
小金鱼逃走了,五味太郎 著， 爱心树童书  出品,五味太郎,218528条评论,,¥17.50,¥35.00,5.0折,,2017-04-01,http://product.dangdang.com/25069499.html,http://img3m9.ddimg.cn/26/1/25069499-1_l_5.jpg
费曼学习法（用输出倒逼输入）,尹红心 李伟 著 时代华语 出品,尹红心,22866条评论,,¥22.50,¥45.00,5.0折,¥9.99,2021-03-01,http://product.dangdang.com/29200934.html,http://img3m4.ddimg.cn/92/16/29200934-1_l_24.jpg
写给儿童的中国地理（全14册）,陈卫平、陈雨岚等 步印童书 出品,陈卫平,336170条评论,,¥196.00,¥392.00,5.0折,,2016-09-01,http://product.dangdang.com/24044343.html,http://img3m3.ddimg.cn/15/4/24044343-1_l_16.jpg
房思琪的初恋乐园 （豆瓣9.2高分！数百万读者强烈共鸣的文学绝唱,林奕含 著，磨铁图书 出品,林奕含,448884条评论,,¥45.00,¥45.00,10.0折,¥9.99,2018-02-01,http://product.dangdang.com/25208978.html,http://img3m8.ddimg.cn/14/27/25208978-1_l_3.jpg
罪与罚（“俄罗斯文学天才”陀思妥耶夫斯基成名之作，人能从洁白,(俄罗斯) 陀思妥耶夫斯基著，知书达礼 出品,陀思妥耶夫斯基,16199条评论,,¥40.00,¥58.00,6.9折,¥9.99,2020-09-01,http://product.dangdang.com/29138984.html,http://img3m4.ddimg.cn/17/4/29138984-1_l_8.jpg
学习高手（90后哈佛耶鲁高分毕业生超实用学习法）,李柘远 著，磨铁图书 出品,李柘远,150077条评论,,¥55.00,¥55.00,10.0折,¥9.99,2020-08-01,http://product.dangdang.com/29002852.html,http://img3m2.ddimg.cn/10/32/29002852-1_l_13.jpg
自卑与超越（也译作《超越自卑》。个体心理学创始人阿德勒代表作,[奥]阿尔弗雷德·阿德勒 著，马晓佳 译,阿尔弗雷德·阿德勒,124649条评论,,¥14.10,¥30.00,4.7折,¥1.99,2017-11-01,http://product.dangdang.com/25183407.html,http://img3m7.ddimg.cn/84/23/25183407-1_l_14.jpg
刀锋（毛姆经典哲思之作，苏州大学方华文教授全新修订&详细注释本,"[英]毛姆 著,方华文 译",毛姆,55622条评论,,¥18.60,¥38.00,4.9折,¥1.99,2018-05-14,http://product.dangdang.com/25273833.html,http://img3m3.ddimg.cn/24/21/25273833-1_l_12.jpg
如果历史是一群喵1-8（套装共8册）,肥志编绘，漫友文化出品,肥志,29644条评论,,¥299.00,¥458.00,6.5折,,2021-05-28,http://product.dangdang.com/29242261.html,http://img3m1.ddimg.cn/37/14/29242261-1_l_26.jpg
花婆婆——清华附小推荐的经典绘本！美国国家图书奖作品！,文/图：〔美〕芭芭拉库尼,芭芭拉库尼,465192条评论,,¥19.90,¥39.80,5.0折,,2019-11-11,http://product.dangdang.com/28479620.html,http://img3m0.ddimg.cn/92/17/28479620-1_l_8.jpg
人生的枷锁（又译《人性的枷锁》，毛姆自认的完美作品，写给在现,[英]威廉·萨默赛特·毛姆 著，黄水乞 译,威廉·萨默赛特·毛姆,80256条评论,,¥24.50,¥50.00,4.9折,¥3.99,2016-09-01,http://product.dangdang.com/24025897.html,http://img3m7.ddimg.cn/82/21/24025897-1_l_15.jpg
梅格时空大冒险·7~14岁儿童文学科幻经典（全5册）银河的裂缝 等,(美)马德琳·英格 著；读客文化 出品,马德琳·英格,241246条评论,,¥108.40,¥216.80,5.0折,¥29.99,2017-07-01,http://product.dangdang.com/25099944.html,http://img3m4.ddimg.cn/78/32/25099944-1_l_30.jpg
战争与和平（全三册，精装大开本，托尔斯泰三部曲之一，草婴翻译,〔俄〕列夫·托尔斯泰 著   草婴 译,列夫·托尔斯泰,10903条评论,,¥88.40,¥188.00,4.7折,,2019-10-10,http://product.dangdang.com/28473427.html,http://img3m7.ddimg.cn/37/3/28473427-1_l_14.jpg
那个不为人知的故事,"Twentine 著,酷威文化 出品",Twentine,119242条评论,,¥18.90,¥42.00,4.5折,,2020-10-01,http://product.dangdang.com/29124262.html,http://img3m2.ddimg.cn/46/8/29124262-1_l_4.jpg
自驱型成长：如何科学有效地培养孩子的自律,[美]威廉?斯蒂克斯鲁德（William Stixrud）奈德?约翰逊（Ned Johnson）、叶壮 译,威廉,74913条评论,,¥45.00,¥75.00,6.0折,¥35.00,2020-05-15,http://product.dangdang.com/28547325.html,http://img3m5.ddimg.cn/81/12/28547325-1_l_10.jpg
我们的身体,[法]艾德兰  文，[法]巴尔博里尼  绘，乐乐趣  出品,艾德兰,539829条评论,,¥62.00,¥155.00,4.0折,,2012-06-01,http://product.dangdang.com/23946177.html,http://img3m7.ddimg.cn/57/36/23946177-1_l_48.jpg
刑法学讲义（罗翔普法故事会，拆穿生活的套路，看透舆论的陷阱，,罗翔，果麦文化 出品,罗翔,69771条评论,,¥46.90,¥68.00,6.9折,¥16.99,2020-07-01,http://product.dangdang.com/28993447.html,http://img3m7.ddimg.cn/10/25/28993447-1_l_39.jpg
慢一点也没关系（内卷时代的避坑指南）,"[比利时]吕克·斯维宁 著,常江涵 许楚琪 译,酷威文化 出品",比利时,7871条评论,,¥17.90,¥39.80,4.5折,¥9.98,2021-10-01,http://product.dangdang.com/29302716.html,http://img3m6.ddimg.cn/3/11/29302716-1_l_14.jpg
置身事内：中国政府与经济发展（罗永浩、刘格菘、张军、周黎安、,兰小欢 著,兰小欢,13614条评论,,¥32.50,¥65.00,5.0折,¥17.50,2021-08-01,http://product.dangdang.com/29281158.html,http://img3m8.ddimg.cn/27/24/29281158-1_l_21.jpg
美好的旅行 全球 中国最美的100个地方 图说天下 国家地理 套装共,《图书天下·国家地理系列》编委会,图书天下·国家地理,36610条评论,,¥29.50,¥39.80,7.4折,,2017-11-01,http://product.dangdang.com/25168107.html,http://img3m7.ddimg.cn/30/4/25168107-1_l_3.jpg
李诞脱口秀工作手册（李诞分享创作经验！创意是智力活儿，也是体,李诞；读客文化 出品,李诞,17835条评论,,¥21.00,¥42.00,5.0折,,2021-08-01,http://product.dangdang.com/29288001.html,http://img3m1.ddimg.cn/39/22/29288001-1_l_10.jpg
沈从文旅行慢慢，走走又停停,沈从文,沈从文,6665条评论,,¥22.80,¥49.80,4.6折,¥14.94,2019-05-01,http://product.dangdang.com/27854006.html,http://img3m6.ddimg.cn/59/36/27854006-1_l_5.jpg
余秋雨 文化苦旅,余秋雨 著 时代华语 出品,余秋雨,474841条评论,,¥19.00,¥38.00,5.0折,,2014-03-01,http://product.dangdang.com/23415029.html,http://img3m9.ddimg.cn/44/23/23415029-1_l_22.jpg
从你的全世界路过：修订本（张嘉佳亲笔签名版与普通版本随机发送,"张嘉佳 著,博集天卷 出品",张嘉佳,1108315条评论,,¥22.50,¥45.00,5.0折,¥8.99,2019-07-01,http://product.dangdang.com/27889594.html,http://img3m4.ddimg.cn/7/30/27889594-1_l_11.jpg
"有本事（冯唐全新力作,一个人有本事才是靠得住的财富。）",冯唐,冯唐,19873条评论,,¥58.00,¥58.00,10.0折,¥34.00,2021-07-01,http://product.dangdang.com/29256771.html,http://img3m1.ddimg.cn/93/20/29256771-1_l_12.jpg
岛上书店（李现推荐，每个人的生命中，都有无比艰难的那一年，将,(美)加·泽文 著；读客文化 出品,加·泽文,1294887条评论,,¥17.50,¥35.00,5.0折,¥9.99,2015-05-08,http://product.dangdang.com/23685329.html,http://img3m9.ddimg.cn/74/1/23685329-1_l_45.jpg
古汉语常用字字典(第5版)新版商务印书馆 王力古汉语字典词典文言,原编者  王力 岑麒祥 林焘 等，修订者  蒋绍愚 唐作藩 张万起 等,王力,419737条评论,,¥34.00,¥39.90,8.5折,,2016-04-01,http://product.dangdang.com/24008779.html,http://img3m9.ddimg.cn/91/34/24008779-1_l_37.jpg
放学后（东野圭吾成名作）,〔日〕东野圭吾 著，新经典 出品,东野圭吾,315572条评论,,¥22.50,¥45.00,5.0折,¥18.99,2017-09-01,http://product.dangdang.com/25154615.html,http://img3m5.ddimg.cn/2/17/25154615-1_l_7.jpg
小巴掌童话注音版8册百篇张秋生著 小学生课外读本,张秋生,张秋生,237386条评论,,¥38.70,¥110.40,3.5折,,2018-04-18,http://product.dangdang.com/25309478.html,http://img3m8.ddimg.cn/29/35/25309478-1_l_7.jpg
可怕的两岁+思维导图版育儿笔记（套装2册）,[美]约翰·罗斯蒙德◎著 张凯飞 侯卫蔚◎译,约翰·罗斯蒙德◎,87036条评论,,¥56.50,¥59.00,9.6折,,2020-07-01,http://product.dangdang.com/28554252.html,http://img3m2.ddimg.cn/78/20/28554252-1_l_21.jpg
夜莺与玫瑰,(英) 王尔德著 ; 林徽因译著  知书达礼 出品,王尔德,24812条评论,,¥31.70,¥46.00,6.9折,¥18.00,2018-06-01,http://product.dangdang.com/25306009.html,http://img3m9.ddimg.cn/25/7/25306009-1_l_7.jpg
幼儿学古诗（绘本版，全2册）,中国教育科学研究院学前教育研究中心,中国教育科学研究院学前教育研究中心,168868条评论,,¥49.00,¥98.00,5.0折,,2019-08-08,http://product.dangdang.com/27941877.html,http://img3m7.ddimg.cn/18/32/27941877-1_l_5.jpg
老人与海（精装版，收录《老人与海》《乞力马扎罗的雪》等）,(美)海明威著；张炽恒译,海明威,31481条评论,,¥17.40,¥37.00,4.7折,,2019-07-01,http://product.dangdang.com/27891166.html,http://img3m6.ddimg.cn/94/11/27891166-1_l_9.jpg
真希望我父母读过这本书,菲莉帕·佩里（Philippa Perry）,菲莉帕·佩里,44234条评论,,¥36.00,¥48.00,7.5折,¥12.99,2020-08-10,http://product.dangdang.com/28997946.html,http://img3m6.ddimg.cn/54/10/28997946-1_l_13.jpg
安娜·卡列尼娜（全二册，精装大开本，托尔斯泰三部曲之一，草婴,〔俄〕列夫·托尔斯泰 著   草婴 译,列夫·托尔斯泰,7634条评论,,¥64.90,¥138.00,4.7折,,2019-10-15,http://product.dangdang.com/28473428.html,http://img3m8.ddimg.cn/38/4/28473428-1_l_14.jpg
果麦经典：了凡四训（“我命由我不由天！”曾国藩、胡适、稻盛和,袁了凡 著，译者 费勇，果麦文化 出品,袁了凡,105621条评论,,¥16.00,¥32.00,5.0折,,2017-09-01,http://product.dangdang.com/25157989.html,http://img3m9.ddimg.cn/10/24/25157989-1_l_7.jpg
小时候：丰子恺写给孩子的散文 （小时候真傻，居然盼着长大。当当,丰子恺,丰子恺,1129条评论,,¥17.90,¥39.80,4.5折,,2021-10-01,http://product.dangdang.com/29295935.html,http://img3m5.ddimg.cn/53/1/29295935-1_l_12.jpg
见识城邦·人类简史：从动物到上帝（新版）,[以色列] 尤瓦尔·赫拉利（Yuval Noah Harari）,尤瓦尔·赫拉利,698037条评论,,¥51.00,¥68.00,7.5折,¥16.99,2017-01-01,http://product.dangdang.com/24186019.html,http://img3m9.ddimg.cn/22/7/24186019-1_l_10.jpg
拉鲁斯儿童心理小百科（精装大开本，四色图文，6-14岁孩子可以自,【法】卡琳·西蒙妮著，阳光博客 出品,卡琳·西蒙妮,7337条评论,,¥83.00,¥88.00,9.4折,,2021-08-01,http://product.dangdang.com/29282750.html,http://img3m0.ddimg.cn/35/25/29282750-1_l_19.jpg
屁屁侦探思维进阶版 第一辑（精装4册）,(日) Troll 文/图，彭懿 译,Troll,27197条评论,,¥77.00,¥140.00,5.5折,,2021-03-01,http://product.dangdang.com/29217984.html,http://img3m4.ddimg.cn/15/9/29217984-1_l_7.jpg
养育男孩（典藏版）,(澳) 史蒂夫·比达尔夫,史蒂夫·比达尔夫,555049条评论,,¥38.20,¥39.80,9.6折,¥11.99,2019-09-10,http://product.dangdang.com/27922796.html,http://img3m6.ddimg.cn/44/6/27922796-1_l_7.jpg
郑渊洁四大名传：皮皮鲁传,郑渊洁,郑渊洁,393328条评论,,¥14.50,¥29.00,5.0折,,2015-12-01,http://product.dangdang.com/29212906.html,http://img3m6.ddimg.cn/85/0/29212906-1_l_1.jpg
财务自由之路（全三册）当当专享版 赠送精美书签,（德）博多·舍费尔,博多·舍费尔,65732条评论,,¥64.20,¥135.00,4.8折,¥31.99,2019-02-20,http://product.dangdang.com/26511903.html,http://img3m3.ddimg.cn/0/34/26511903-1_l_11.jpg
我不敢说，我怕被骂——邓超微博推荐的绘本 带给孩子更多勇气和自,文：〔荷兰〕皮姆?范?赫斯特  图：〔荷兰〕妮可?塔斯马,皮姆,508657条评论,,¥19.90,¥39.80,5.0折,,2019-11-01,http://product.dangdang.com/27942695.html,http://img3m5.ddimg.cn/44/36/27942695-1_l_20.jpg
股市趋势技术分析（原书第10版）,[美]　罗伯特D.爱德华兹， 约翰·迈吉，W. H. C.巴塞蒂,罗伯特D.爱德华兹,64047条评论,,¥84.00,¥168.00,5.0折,¥84.00,2017-11-20,http://product.dangdang.com/25178851.html,http://img3m1.ddimg.cn/82/18/25178851-1_l_5.jpg
茶馆（原汁原味老舍作品，无删节经典完整版。）,老舍著 知书达礼 出品,老舍,15126条评论,,¥34.40,¥49.80,6.9折,¥12.88,2020-08-01,http://product.dangdang.com/29134558.html,http://img3m8.ddimg.cn/46/18/29134558-1_l_9.jpg
你想活出怎样的人生（宫崎骏从10岁读到70岁的小说，同名电影制作,（日）吉野源三郎 著，（日）胁田和 绘  ，新经典  出品,吉野源三郎,200475条评论,,¥24.70,¥49.50,5.0折,,2019-08-01,http://product.dangdang.com/27911800.html,http://img3m0.ddimg.cn/37/36/27911800-1_l_8.jpg
瓦尔登湖（瓦尔登湖畔，不只是身体的栖息之所，更是精神的沉思之,（美）亨利戴维梭罗,亨利戴维梭罗,222201条评论,,¥11.80,¥25.00,4.7折,¥9.99,2015-12-01,http://product.dangdang.com/23828561.html,http://img3m1.ddimg.cn/53/6/23828561-1_l_10.jpg
一读就会用的分类成语故事（把成语用起来！随书附赠价值99元在线,歪歪兔童书馆,歪歪兔童书馆,37531条评论,,¥175.30,¥450.00,3.9折,,2020-05-01,http://product.dangdang.com/28536488.html,http://img3m8.ddimg.cn/35/16/28536488-1_l_69.jpg
茶道 : 从喝茶到懂茶（彩色插图本，喝一杯好茶，品一段时光，让喝,蓝戈著 知书达礼 出品,蓝戈,7242条评论,,¥40.00,¥58.00,6.9折,¥19.00,2020-04-01,http://product.dangdang.com/28541718.html,http://img3m8.ddimg.cn/18/29/28541718-1_l_21.jpg
把妈妈的话装进耳朵里,(西) 玛尔塔·帕拉雷斯著 ; (西) 安 娜·格里马尔绘 ; 吴荷佳译,玛尔塔·帕拉雷斯,105362条评论,,¥19.50,¥39.00,5.0折,,2019-04-01,http://product.dangdang.com/27853164.html,http://img3m4.ddimg.cn/9/8/27853164-1_l_3.jpg
米小圈脑筋急转弯（第二辑）(套装共4册）,北猫,北猫,104611条评论,,¥31.40,¥64.00,4.9折,,2020-06-01,http://product.dangdang.com/28552328.html,http://img3m8.ddimg.cn/35/20/28552328-1_l_3.jpg
中华人民共和国民法典(32开压纹烫金版 附草案说明)2021年1月起正,法律出版社,法律出版社,132990条评论,,¥8.10,¥28.00,2.9折,,2020-06-01,http://product.dangdang.com/28553129.html,http://img3m9.ddimg.cn/44/7/28553129-1_l_13.jpg
共情的力量：情商高的人，如何抚慰受伤的灵魂,[美]亚瑟·乔拉米卡利(Arthur Ciaramicoli) [美]凯瑟琳·柯茜(Katherine Ketcham)  著，开森心理 出品,亚瑟·乔拉米卡利,228985条评论,,¥22.40,¥49.80,4.5折,¥18.99,2019-01-01,http://product.dangdang.com/26193811.html,http://img3m1.ddimg.cn/94/31/26193811-1_l_32.jpg
草房子：六年级推荐课外阅读书/曹文轩纯美小说系列,曹文轩,曹文轩,481260条评论,,¥10.90,¥22.00,5.0折,,2016-04-01,http://product.dangdang.com/23953627.html,http://img3m7.ddimg.cn/82/12/23953627-1_l_11.jpg
阿米巴经营——畅销十周年纪念版，当当专享（团购，请致电010-57,[日]稻盛和夫 著，曹岫云 译,稻盛和夫,274592条评论,,¥15.00,¥35.00,4.3折,,2016-03-01,http://product.dangdang.com/23932960.html,http://img3m0.ddimg.cn/7/28/23932960-1_l_16.jpg
湘行散记：沈从文散文精粹（沈从文代表作）,沈从文,沈从文,52443条评论,,¥15.70,¥32.00,4.9折,¥5.99,2019-04-01,http://product.dangdang.com/26922458.html,http://img3m8.ddimg.cn/2/0/26922458-1_l_19.jpg
沙丘六部曲（同名电影全国上映！《降临》导演执导、“甜茶”“灭,(美) 弗兰克·赫伯特  著；读客文化 出品,弗兰克·赫伯特,34633条评论,,¥197.40,¥394.90,5.0折,,2019-09-30,http://product.dangdang.com/27943126.html,http://img3m6.ddimg.cn/79/23/27943126-1_l_12.jpg
当下的力量（珍藏版）,(德)埃克哈特.托利,埃克哈特.托利,186935条评论,,¥26.60,¥32.00,8.3折,¥3.99,2013-07-01,http://product.dangdang.com/23272232.html,http://img3m2.ddimg.cn/5/9/23272232-1_l_1.jpg
歪歪兔行为习惯系列互动图画书（全10册）,歪歪兔关键期早教项目组　编绘,歪歪兔关键期早教项目组,225506条评论,,¥45.00,¥90.00,5.0折,,2015-08-18,http://product.dangdang.com/20927266.html,http://img3m6.ddimg.cn/52/29/20927266-1_l_78.jpg
夜晚的潜水艇(第四届宝珀理想国文学奖得主陈春成短篇小说集，游荡,陈春成 著，    理想国 出品,陈春成,68389条评论,,¥31.20,¥52.00,6.0折,¥29.99,2020-09-01,http://product.dangdang.com/29130324.html,http://img3m4.ddimg.cn/69/2/29130324-1_l_16.jpg
小兔子学花钱系列·3~7岁孩子的财商启蒙绘本（全3册）（学花钱、,(加)辛德斯·麦克劳德 著；读客文化 出品,辛德斯·麦克劳德,132375条评论,,¥64.20,¥128.40,5.0折,,2020-03-13,http://product.dangdang.com/28514358.html,http://img3m8.ddimg.cn/81/12/28514358-1_l_32.jpg
三毛全集02：撒哈拉的故事,三毛 著，新经典 出品,三毛,403672条评论,,¥24.10,¥35.00,6.9折,¥21.00,2017-04-01,http://product.dangdang.com/24242914.html,http://img3m4.ddimg.cn/91/33/24242914-1_l_6.jpg
拼音真好玩（全彩6册）（从幼小衔接到一年级，拼音学习启蒙书，附,周霞 著 段张取艺 绘,周霞,232122条评论,,¥49.50,¥99.00,5.0折,,2018-10-15,http://product.dangdang.com/25352309.html,http://img3m9.ddimg.cn/92/20/25352309-1_l_23.jpg
张爱玲全集01：倾城之恋（23岁张爱玲成名代表作！收录《倾城之恋,张爱玲 著  ，新经典  出品,张爱玲,379671条评论,,¥29.20,¥49.50,5.9折,¥29.70,2019-01-01,http://product.dangdang.com/26516204.html,http://img3m4.ddimg.cn/44/6/26516204-1_l_3.jpg
地心游记（银火箭少年科幻系列·第2辑，又译《地心历险记》）,［法］儒勒·凡尔纳 著 陈筱卿译；小当当童书馆 出品,儒勒·凡尔纳,23420条评论,,¥17.20,¥35.00,4.9折,,2020-04-01,http://product.dangdang.com/28532004.html,http://img3m4.ddimg.cn/6/9/28532004-1_l_20.jpg
挪威的森林（2018年新版，村上春树的残酷青春物语，现象级的超级,【日】村上春树 林少华 译,村上春树,460908条评论,,¥24.00,¥38.00,6.3折,¥12.99,2018-03-01,http://product.dangdang.com/25239529.html,http://img3m9.ddimg.cn/73/16/25239529-1_l_9.jpg
不吼不叫：如何平静地让孩子与父母合作,"[美]罗娜·雷纳 著,钟煜 译 青豆书坊 出品",罗娜·雷纳,393971条评论,,¥28.60,¥32.80,8.7折,¥6.99,2016-03-01,http://product.dangdang.com/23909227.html,http://img3m7.ddimg.cn/34/12/23909227-1_l_4.jpg
蒙田随笔精选 （2018全新修订版，法语直译）,﹝法﹞米歇尔·德·蒙田 著，杨帆 唐珍 译,﹝法﹞米歇尔·德·蒙田,4524条评论,,¥13.60,¥34.00,4.0折,¥1.99,2018-06-01,http://product.dangdang.com/25273832.html,http://img3m2.ddimg.cn/23/20/25273832-1_l_10.jpg
杜噜嘟嘟（精装全四册）,[法] 埃尔维杜莱 著，青豆童书馆 赵佼佼 译,埃尔维杜莱,22732条评论,,¥64.00,¥128.00,5.0折,,2014-12-01,http://product.dangdang.com/23614773.html,http://img3m3.ddimg.cn/6/4/23614773-1_l_4.jpg
杨绛传：简朴的生活，高贵的灵魂（杨绛先生诞辰110周年纪念版）,梅子 著 知书达礼 出品,梅子,18350条评论,,¥34.40,¥49.80,6.9折,¥9.40,2020-06-01,http://product.dangdang.com/28555728.html,http://img3m8.ddimg.cn/69/16/28555728-1_l_11.jpg
山海经 精装珍藏本 中国远古百科奇书，是地理方志亦是神话故事集,富强译 注，高高国际 出品,富强,94814条评论,,¥34.20,¥39.80,8.6折,,2016-06-30,http://product.dangdang.com/23978306.html,http://img3m6.ddimg.cn/11/12/23978306-1_l_6.jpg
我爱天下一切狗 季羡林散文集（爱尽万物，自在不言。）,季羡林 著，文通天下 出品,季羡林,27679条评论,,¥24.50,¥49.00,5.0折,¥29.90,2020-06-01,http://product.dangdang.com/28964398.html,http://img3m8.ddimg.cn/67/21/28964398-1_l_22.jpg
狼王梦（升级版）/动物小说大王沈石溪·品藏书系,沈石溪,沈石溪,661450条评论,,¥13.00,¥26.00,5.0折,,2018-07-01,http://product.dangdang.com/25309929.html,http://img3m9.ddimg.cn/84/5/25309929-1_l_13.jpg
姜小牙上学记（套装共4册）,北猫,北猫,185777条评论,,¥44.10,¥90.00,4.9折,,2017-10-01,http://product.dangdang.com/25178733.html,http://img3m3.ddimg.cn/63/11/25178733-1_l_6.jpg
动物农场（乔治·奥威尔经典的讽喻之作 ，也译“动物庄园”，后附,〔英〕乔治·奥威尔 著，姜希颖 译,乔治·奥威尔,64496条评论,,¥11.80,¥24.00,4.9折,¥1.99,2018-03-01,http://product.dangdang.com/25229341.html,http://img3m1.ddimg.cn/82/3/25229341-1_l_12.jpg
时间简史（插图本）（央视《朗读者》推荐）,史蒂芬·霍金,史蒂芬·霍金,660448条评论,,¥22.50,¥45.00,5.0折,,2014-06-01,http://product.dangdang.com/463785.html,http://img3m5.ddimg.cn/69/27/463785-1_l_1.jpg
365夜睡前故事（全4册） 宝宝睡前故事书0-3-6岁幼儿故事书早教配,青葫芦,青葫芦,52083条评论,,¥30.90,¥67.20,4.6折,,2018-01-01,http://product.dangdang.com/27856105.html,http://img3m5.ddimg.cn/79/26/27856105-1_l_2.jpg
人性的弱点（戴尔·卡耐基成功学的奠基之作）,（美）卡耐基　著，林杰　译,卡耐基,208280条评论,,¥14.00,¥29.80,4.7折,¥1.99,2015-06-01,http://product.dangdang.com/23720003.html,http://img3m3.ddimg.cn/98/6/23720003-1_l_20.jpg
夏洛的网(2020版）（三年级阅读经典书目）,（美）怀特　著，任溶溶　译,怀特,1078622条评论,,¥25.50,¥37.00,6.9折,,2014-08-01,http://product.dangdang.com/28533668.html,http://img3m8.ddimg.cn/86/8/28533668-1_l_7.jpg
中华人民共和国民法典（64开便携版 压纹烫金版）2020年6月新版,法律出版社,法律出版社,12276条评论,,¥6.80,¥18.00,3.8折,,2020-06-01,http://product.dangdang.com/28553128.html,http://img3m8.ddimg.cn/43/6/28553128-1_l_9.jpg
菜根谭：中国人“处世三大奇书”之一，全新插画未删减珍藏版,[明] 洪应明著 竹石文化 出品,洪应明,30854条评论,,¥39.60,¥45.00,8.8折,¥9.80,2020-07-01,http://product.dangdang.com/28995535.html,http://img3m5.ddimg.cn/19/4/28995535-1_l_15.jpg
悉达多（诺贝尔文学奖得主赫尔曼·黑塞的代表作，德文直译，原版,（德）赫尔曼·黑塞著 赵丽慧译,赫尔曼·黑塞,8515条评论,,¥34.40,¥49.80,6.9折,¥0.99,2020-12-01,http://product.dangdang.com/29173387.html,http://img3m7.ddimg.cn/67/34/29173387-1_l_7.jpg
向上生长（九边作品。让选择变得精准，让机遇不再错失。 悉数解决,九边 著；书田文化出品，有容书邦发行,九边,110638条评论,,¥22.50,¥45.00,5.0折,¥8.99,2020-05-06,http://product.dangdang.com/28544504.html,http://img3m4.ddimg.cn/32/3/28544504-1_l_15.jpg
我与地坛（纪念版）,史铁生,史铁生,243797条评论,,¥16.00,¥29.00,5.5折,,2011-06-01,http://product.dangdang.com/21055821.html,http://img3m1.ddimg.cn/6/9/21055821-1_l_2.jpg
晚熟的人（莫言新书）,莫言,莫言,286091条评论,,¥34.90,¥59.00,5.9折,,2020-07-01,http://product.dangdang.com/28994936.html,http://img3m6.ddimg.cn/14/34/28994936-1_l_7.jpg
红楼梦原著版（上、下册，全两册，全本120回）（团购电话:400-10,曹雪芹,曹雪芹,546024条评论,,¥39.00,¥59.70,6.5折,¥36.00,2013-01-01,http://product.dangdang.com/102771.html,http://img3m1.ddimg.cn/9/22/102771-1_l_5.jpg
大中华寻宝系列28 黑龙江寻宝记,孙家裕,孙家裕,15612条评论,,¥22.75,¥35.00,6.5折,,2021-07-01,http://product.dangdang.com/29277803.html,http://img3m3.ddimg.cn/38/36/29277803-1_l_4.jpg
宫西达也“你如此可爱”绘本（第3辑 全7册）小小的我，大大的力量,[日]宫西达也著；彭懿，米雅译,宫西达也,7480条评论,,¥66.00,¥132.00,5.0折,,2021-04-09,http://product.dangdang.com/29225636.html,http://img3m6.ddimg.cn/44/2/29225636-1_l_15.jpg
作家榜经典：父与子全集(郑渊洁推荐版《父与子》，亲子共读常备书,[德] 卜劳恩 绘，作家榜经典 出品，大星文化,卜劳恩,164418条评论,,¥19.90,¥39.90,5.0折,¥2.99,2017-05-10,http://product.dangdang.com/25067286.html,http://img3m6.ddimg.cn/90/8/25067286-1_l_138.jpg
飘（上下） 世界名著典藏,（美）米切尔 著，黄健人 译 万亭文化 出品,米切尔,141224条评论,,¥25.00,¥50.00,5.0折,,2015-02-01,http://product.dangdang.com/23671032.html,http://img3m2.ddimg.cn/33/23/23671032-1_l_7.jpg
小狗钱钱2,博多·舍费尔,博多·舍费尔,92477条评论,,¥19.00,¥38.00,5.0折,,2018-05-01,http://product.dangdang.com/25290687.html,http://img3m7.ddimg.cn/48/3/25290687-1_l_8.jpg
捕捉儿童敏感期 孙瑞雪 （精装珍藏版）,孙瑞雪,孙瑞雪,294815条评论,,¥36.40,¥38.00,9.6折,,2013-04-01,http://product.dangdang.com/23194043.html,http://img3m3.ddimg.cn/26/1/23194043-1_l_4.jpg
"窄门(我们所追求的幸福,究竟是来自于我们真正的内心?还是外界的定",（法）安德烈·纪德著 ， 田伟华译，知书达礼 出品,安德烈·纪德,7572条评论,,¥34.40,¥49.80,6.9折,¥12.88,2020-09-01,http://product.dangdang.com/29134540.html,http://img3m0.ddimg.cn/28/0/29134540-1_l_4.jpg
猫武士（首）一部曲（6册/套）,（英）艾琳.亨特 著 赵振中 译,艾琳.亨特,33143条评论,,¥96.00,¥192.00,5.0折,,2017-09-01,http://product.dangdang.com/29178257.html,http://img3m7.ddimg.cn/86/20/29178257-1_l_3.jpg
苏菲的世界（平装新版）五六年级阅读乔斯坦贾德哲学入门书作家出,乔斯坦·贾德,乔斯坦·贾德,351696条评论,,¥19.00,¥38.00,5.0折,,2017-09-19,http://product.dangdang.com/25170989.html,http://img3m9.ddimg.cn/41/0/25170989-1_l_13.jpg
全球高考收藏版礼盒（未披露番外+无限流幻想小说力作）随书附藏书,木苏里,木苏里,21747条评论,,¥125.00,¥180.00,6.9折,,2021-01-01,http://product.dangdang.com/29176309.html,http://img3m9.ddimg.cn/19/33/29176309-1_l_17.jpg
理想国,柏拉图,柏拉图,247062条评论,,¥15.70,¥35.00,4.5折,,2012-05-01,http://product.dangdang.com/22765017.html,http://img3m7.ddimg.cn/66/27/22765017-1_l_22.jpg
动物小说大王沈石溪品藏书系 升级版（黄绿特辑 套装共12册）,沈石溪 著,沈石溪,169542条评论,,¥150.00,¥300.00,5.0折,,2018-08-01,http://product.dangdang.com/25314755.html,http://img3m5.ddimg.cn/59/21/25314755-1_l_4.jpg
在你们离开以前（当当专享信纸，一本治愈两代人的生命自度书）,"毕啸南 著,博集天卷 出品",毕啸南,9857条评论,,¥24.00,¥48.00,5.0折,¥29.99,2021-08-01,http://product.dangdang.com/29278338.html,http://img3m8.ddimg.cn/78/16/29278338-1_l_20.jpg
全球通史:从史前史到21世纪（第7版修订版上下册，赠送全球通史主,（美）斯塔夫里阿诺斯  著，吴象婴  等译,斯塔夫里阿诺斯,421013条评论,,¥67.20,¥96.00,7.0折,,2006-10-01,http://product.dangdang.com/9231298.html,http://img3m8.ddimg.cn/43/20/9231298-1_l_21.jpg
男孩百科--优秀男孩的学习妙招,彭凡  编著,彭凡,9262条评论,,¥16.70,¥25.00,6.7折,,2017-01-01,http://product.dangdang.com/24059881.html,http://img3m1.ddimg.cn/10/2/24059881-1_l_6.jpg
为什么是中国（金一南2020年全新作品。后疫情时代，中国的优势和,金一南著 、联合读创 出品,金一南,31397条评论,,¥34.20,¥58.00,5.9折,¥16.99,2020-06-01,http://product.dangdang.com/28974866.html,http://img3m6.ddimg.cn/41/18/28974866-1_l_16.jpg
汪曾祺散文集：人间知味（收录《人间草木》等经典散文）,汪曾祺,汪曾祺,76395条评论,,¥18.60,¥38.00,4.9折,¥2.99,2018-02-05,http://product.dangdang.com/25229345.html,http://img3m5.ddimg.cn/86/7/25229345-1_l_18.jpg
悲惨世界（法国大文豪雨果“命运三部曲”之一，未删节全译版）,[法]维克多·雨果,维克多·雨果,90936条评论,,¥41.40,¥88.00,4.7折,¥1.99,2016-06-01,http://product.dangdang.com/23979386.html,http://img3m6.ddimg.cn/2/19/23979386-1_l_13.jpg
手不是用来打人的（儿童好品德系列，全5册）孩子多读就见效的习惯,（美）伊丽莎白·弗迪克、（美）玛丁妮·阿加西/著（美）玛丽卡·海因莱因/绘 陈薇薇、刘宣谷/译,伊丽莎白·弗迪克,404648条评论,,¥49.50,¥99.00,5.0折,,2018-04-01,http://product.dangdang.com/25284537.html,http://img3m7.ddimg.cn/36/32/25284537-1_l_16.jpg
心若菩提(增订本),曹德旺 著,曹德旺,56497条评论,,¥54.50,¥79.00,6.9折,,2020-10-01,http://product.dangdang.com/29144556.html,http://img3m6.ddimg.cn/45/26/29144556-1_l_8.jpg
价值：我对投资的思考 （高瓴资本创始人兼首席执行官张磊力作，团,张磊 著 湛庐文化 出品,张磊,163386条评论,,¥78.70,¥118.00,6.7折,¥19.99,2020-09-30,http://product.dangdang.com/29117676.html,http://img3m6.ddimg.cn/93/8/29117676-1_l_30.jpg
这里是中国 2019年度中国好书 文津图书奖获奖作品,星球研究所，中国青藏高原研究会,星球研究所,107697条评论,,¥109.00,¥168.00,6.5折,¥100.80,2019-09-01,http://product.dangdang.com/27932640.html,http://img3m0.ddimg.cn/87/8/27932640-1_l_12.jpg
梁实秋：不如做只猫狗（文学泰斗梁实秋趣味散文随笔集。我见的人,梁实秋 著  时代华语 出品,梁实秋,12100条评论,,¥21.00,¥42.00,5.0折,,2021-06-01,http://product.dangdang.com/29255470.html,http://img3m0.ddimg.cn/79/14/29255470-1_l_20.jpg
牧羊少年奇幻之旅（央视《朗读者》、湖南卫视《天天向上》、李现,（巴西）保罗·柯艾略 著，新经典 出品,保罗·柯艾略,589695条评论,,¥24.10,¥35.00,6.9折,¥21.00,2018-01-01,http://product.dangdang.com/25172978.html,http://img3m8.ddimg.cn/50/28/25172978-1_l_5.jpg
蒙台梭利家庭方案,尹亚楠，吴永和 著 湛庐文化 出品,尹亚楠,15009条评论,,¥46.80,¥69.90,6.7折,¥14.99,2018-09-01,http://product.dangdang.com/25341902.html,http://img3m2.ddimg.cn/80/10/25341902-1_l_3.jpg
图解中医入门一看就懂,张银柱 编,张银柱,86348条评论,,¥27.20,¥39.00,7.0折,,2013-09-01,http://product.dangdang.com/23339927.html,http://img3m7.ddimg.cn/83/31/23339927-1_l_5.jpg
茶花女（令北大中文系教授袁行霈先生“潸然泪下”的爱情悲剧）,［法］小仲马 著 李玉民 译,小仲马,55556条评论,,¥10.80,¥22.00,4.9折,¥1.99,2017-08-01,http://product.dangdang.com/25122002.html,http://img3m2.ddimg.cn/59/1/25122002-1_l_10.jpg
柳林风声 精装典藏全译本,(英)肯尼斯·格雷厄姆 著，(美)戴维·彼得森 绘，杨静远 译,肯尼斯·格雷厄姆,15274条评论,,¥39.90,¥79.80,5.0折,,2018-04-01,http://product.dangdang.com/25229579.html,http://img3m9.ddimg.cn/23/19/25229579-1_l_11.jpg
100层的房子系列（全4册，《100层的房子》+《地下100层的房子》+,[日]岩井俊雄,岩井俊雄,195121条评论,,¥78.00,¥156.00,5.0折,,2018-08-01,http://product.dangdang.com/26916076.html,http://img3m6.ddimg.cn/55/19/26916076-1_l_4.jpg
罪与罚（刑法学罗翔老师推荐版本，用爱和生活去对抗痛苦！）【果,陀思妥耶夫斯基，译者：曾思艺，果麦文化 出品,陀思妥耶夫斯基,75122条评论,,¥34.00,¥68.00,5.0折,¥9.99,2019-02-01,http://product.dangdang.com/26490763.html,http://img3m3.ddimg.cn/46/21/26490763-1_l_28.jpg
米小圈上学记四年级（套装共4册）,北猫,北猫,293503条评论,,¥49.00,¥100.00,4.9折,,2018-04-01,http://product.dangdang.com/25261326.html,http://img3m6.ddimg.cn/90/20/25261326-1_l_12.jpg
古代人的日常生活系列（典藏版共2册）（古代房价高吗？古人如何抗,讲历史的王老师；读客文化 出品,讲历史的王老师,12676条评论,,¥72.90,¥145.80,5.0折,,2021-08-01,http://product.dangdang.com/29301878.html,http://img3m8.ddimg.cn/56/24/29301878-1_l_3.jpg
莫泊桑短篇小说集,（法）莫泊桑著、 庄非译  知书达礼 出品,莫泊桑,21210条评论,,¥34.40,¥49.80,6.9折,¥18.00,2018-03-01,http://product.dangdang.com/25280956.html,http://img3m6.ddimg.cn/19/3/25280956-1_l_6.jpg
小熊宝宝绘本（简装全15册）蒲蒲兰经典绘本！新手妈妈的育儿宝典,佐佐木洋子 文/图，蒲蒲兰 译,佐佐木洋子,986338条评论,,¥50.00,¥96.00,5.2折,,2007-05-16,http://product.dangdang.com/25289538.html,http://img3m8.ddimg.cn/87/1/25289538-1_l_7.jpg
亲密关系（第6版）,罗兰·米勒 ， 新曲线 出品,罗兰·米勒,58439条评论,,¥110.40,¥138.00,8.0折,,2015-07-01,http://product.dangdang.com/23742958.html,http://img3m8.ddimg.cn/85/21/23742958-1_l_7.jpg
人间好玩（当当专享印刷蔡澜先生亲题寄语，“八旬”蔡澜的人生智,"蔡澜 著,博集天卷 出品",蔡澜,46921条评论,,¥18.70,¥48.00,3.9折,¥11.99,2021-03-12,http://product.dangdang.com/29197729.html,http://img3m9.ddimg.cn/55/30/29197729-1_l_14.jpg
笨狼的故事（典藏版 共8册）,汤素兰,汤素兰,26393条评论,,¥99.00,¥198.00,5.0折,,2020-09-01,http://product.dangdang.com/29126544.html,http://img3m4.ddimg.cn/51/33/29126544-1_l_5.jpg
绝叫（罗翔推荐，长达四十年的恶女编年史，日本文学社会派推理小,叶真中显 著 林佩瑾 译 联合读创 出品,叶真中显,30609条评论,,¥29.00,¥58.00,5.0折,¥13.99,2020-07-01,http://product.dangdang.com/28992227.html,http://img3m7.ddimg.cn/77/26/28992227-1_l_22.jpg
米小圈上学记三年级（套装共4册）,北猫,北猫,309229条评论,,¥49.00,¥100.00,4.9折,,2018-04-01,http://product.dangdang.com/25261324.html,http://img3m4.ddimg.cn/88/18/25261324-1_l_12.jpg
国富论（上下册）（附有概念导图）,（英）亚当·斯密 著，孙善春 李春长 译,亚当·斯密,25945条评论,,¥41.80,¥89.00,4.7折,,2020-06-01,http://product.dangdang.com/28548194.html,http://img3m4.ddimg.cn/59/30/28548194-1_l_40.jpg
儒林外史：现实主义长篇讽刺小说的高峰,[清] 吴敬梓著 竹石文化 出品,吴敬梓,15038条评论,,¥45.80,¥58.00,7.9折,¥3.99,2020-06-01,http://product.dangdang.com/28995532.html,http://img3m2.ddimg.cn/16/1/28995532-1_l_9.jpg
崔玉涛育儿百科,崔玉涛,崔玉涛,70543条评论,,¥170.50,¥178.00,9.6折,,2018-12-31,http://product.dangdang.com/26312676.html,http://img3m6.ddimg.cn/60/15/26312676-1_l_19.jpg
他在云之南（人气作家景行燃情悬爱力作！随书附赠“追光”书签。,景行  白马时光  出品,景行,22885条评论,,¥17.90,¥39.80,4.5折,¥23.99,2020-04-01,http://product.dangdang.com/28541672.html,http://img3m2.ddimg.cn/71/20/28541672-1_l_6.jpg
圆圈正义,罗翔,罗翔,30691条评论,,¥33.20,¥46.00,7.2折,,2019-08-07,http://product.dangdang.com/27925275.html,http://img3m5.ddimg.cn/48/6/27925275-1_l_7.jpg
科幻世界·三体（典藏版）,刘慈欣，科幻世界出品,刘慈欣,72407条评论,,¥18.70,¥26.00,7.2折,,2016-06-30,http://product.dangdang.com/23989081.html,http://img3m1.ddimg.cn/94/20/23989081-1_l_19.jpg
0-4岁幼儿认知小百科（全3册),[日]吉田纯子 绘；徐超 译；心喜阅童书 出品,吉田纯子,484575条评论,,¥56.80,¥119.40,4.8折,,2014-02-01,http://product.dangdang.com/23417701.html,http://img3m1.ddimg.cn/43/31/23417701-1_l_24.jpg
我有友情要出租（拼音版）,方素珍 著 郝洛玟 绘,方素珍,188387条评论,,¥9.00,¥18.00,5.0折,,2017-05-01,http://product.dangdang.com/25084833.html,http://img3m3.ddimg.cn/15/17/25084833-1_l_17.jpg
金字塔原理大全集（共2册）（思考表达和解决问题的逻辑，“抖音同,芭芭拉 · 明托  著  ， 新经典  出品,芭芭拉,75035条评论,,¥88.00,¥176.00,5.0折,,2019-07-01,http://product.dangdang.com/27891506.html,http://img3m6.ddimg.cn/38/18/27891506-1_l_7.jpg
海蒂怀孕大百科（全新第5版，  百万育儿大V大J小D、年糕妈妈推荐,（美）海蒂·麦考夫，（美）莎伦·梅泽尔 著，新经典 出品,海蒂·麦考夫,58627条评论,,¥68.00,¥68.00,10.0折,¥40.80,2019-04-01,http://product.dangdang.com/27380294.html,http://img3m4.ddimg.cn/62/35/27380294-1_l_5.jpg
影响力（经典版）（团购，请致电010-57993380）,（美）罗伯特·B.西奥迪尼（Robert B.Cialdini）著 湛庐文化 出品,罗伯特·B.西奥迪尼,288970条评论,,¥36.60,¥54.90,6.7折,,2016-09-01,http://product.dangdang.com/24028342.html,http://img3m2.ddimg.cn/52/24/24028342-1_l_16.jpg
这就是二十四节气：升级版 全四册(文津图书奖获奖图书，请认准正,高春香、邵敏/著；许明振、李婧/绘,高春香,699902条评论,,¥75.00,¥150.00,5.0折,,2019-11-01,http://product.dangdang.com/27950672.html,http://img3m2.ddimg.cn/2/21/27950672-1_l_17.jpg
酸梅,黄三，魅丽文化,黄三,13991条评论,,¥21.30,¥42.80,5.0折,,2020-09-30,http://product.dangdang.com/29130316.html,http://img3m6.ddimg.cn/61/31/29130316-1_l_9.jpg
这世界很好，但你也不差（打破满意度低幸福感差，这世界真叫人疲,万特特,万特特,22211条评论,,¥22.10,¥49.00,4.5折,,2021-08-01,http://product.dangdang.com/29272806.html,http://img3m6.ddimg.cn/90/34/29272806-1_l_46.jpg
东野圭吾：无名之町（2021年高能新作！神尾大侦探首秀！）,（日）东野圭吾  著 ，新经典  出品,东野圭吾,32009条评论,,¥40.70,¥59.00,6.9折,¥35.40,2021-06-01,http://product.dangdang.com/29255746.html,http://img3m6.ddimg.cn/58/31/29255746-1_l_11.jpg
第七天（2018版）,余华,余华,478659条评论,,¥27.20,¥39.50,6.9折,,2018-08-01,http://product.dangdang.com/25314250.html,http://img3m0.ddimg.cn/49/34/25314250-1_l_6.jpg
不可思议的旅程三部曲（2020版）,（美）艾伦·贝克尔 著，爱心树童书 出品,艾伦·贝克尔,326396条评论,,¥89.70,¥179.40,5.0折,,2020-08-01,http://product.dangdang.com/29119862.html,http://img3m2.ddimg.cn/2/11/29119862-1_l_7.jpg
原声触摸发声书：听，什么声音（套装全6册）,"YOYO出版社 著绘,步步联盟 译",YOYO出版社,237564条评论,,¥165.00,¥330.00,5.0折,,2020-01-01,http://product.dangdang.com/25214219.html,http://img3m9.ddimg.cn/8/14/25214219-1_l_29.jpg
一个陌生女人的来信(精装典藏版，彩色插图，翻译家高中甫、韩耀成,〔奥〕茨威格 著；高中甫  韩耀成 译,茨威格,14355条评论,,¥19.30,¥41.00,4.7折,,2019-08-16,http://product.dangdang.com/27915734.html,http://img3m4.ddimg.cn/11/11/27915734-1_l_13.jpg
养育女孩（新版）,[澳]史蒂夫·比达尔夫,史蒂夫·比达尔夫,470770条评论,,¥38.20,¥39.80,9.6折,,2020-03-23,http://product.dangdang.com/28520581.html,http://img3m1.ddimg.cn/67/19/28520581-1_l_5.jpg
易经的奥秘：完整版,曾仕强,曾仕强,48654条评论,,¥44.10,¥64.00,6.9折,,2017-07-10,http://product.dangdang.com/25113156.html,http://img3m6.ddimg.cn/24/35/25113156-1_l_5.jpg
乡土中国（精装定制版）,费孝通,费孝通,256027条评论,,¥12.30,¥21.00,5.9折,,2015-05-01,http://product.dangdang.com/23678069.html,http://img3m9.ddimg.cn/41/30/23678069-1_l_8.jpg
暗格里的秘密（陈哲远、徐梦洁主演同名电视剧原著小说。人气燃甜,耳东兔子，白马时光 出品,耳东兔子,30510条评论,,¥29.90,¥59.80,5.0折,,2019-05-01,http://product.dangdang.com/27864231.html,http://img3m1.ddimg.cn/87/12/27864231-1_l_14.jpg
沸腾新十年：移动互联网丛林里的勇敢穿越者（上下册套装）,林军 胡喆,林军,1139条评论,,¥89.00,¥178.00,5.0折,,2021-09-01,http://product.dangdang.com/29297727.html,http://img3m7.ddimg.cn/63/17/29297727-1_l_13.jpg
笑侃诗词,安岚,安岚,343条评论,,¥25.00,¥50.00,5.0折,,2021-05-01,http://product.dangdang.com/29275151.html,http://img3m1.ddimg.cn/59/11/29275151-1_l_4.jpg
遗憾的进化全集（全3册）,[日]今泉忠明 编，[日]下间文惠 等绘，爱心树童书 出品,今泉忠明,33251条评论,,¥74.70,¥149.40,5.0折,,2021-07-01,http://product.dangdang.com/29255162.html,http://img3m2.ddimg.cn/68/2/29255162-1_l_19.jpg
海奥华预言中文版（米歇戴斯玛克特讲述地球人外星游记外观地球内,米歇·戴斯玛克特,米歇·戴斯玛克特,20845条评论,,¥19.50,¥39.00,5.0折,,2018-08-22,http://product.dangdang.com/25322131.html,http://img3m1.ddimg.cn/10/34/25322131-1_l_2872.jpg
半小时漫画科学史系列（全3册）（从地心说到相对论，半小时读懂人,陈磊.半小时漫画团队 著；读客文化 出品,陈磊.半小时漫画团队,123997条评论,,¥66.00,¥132.00,5.0折,,2021-05-31,http://product.dangdang.com/29247608.html,http://img3m8.ddimg.cn/38/33/29247608-1_l_24.jpg
罗尔德·达尔作品典藏（彩图拼音版）—了不起的狐狸爸爸,(英) 罗尔德·达尔 著； (英) 昆汀·布莱克绘；代维 译。,罗尔德·达尔,266801条评论,,¥13.40,¥28.00,4.8折,,2018-09-01,http://product.dangdang.com/25575797.html,http://img3m7.ddimg.cn/38/28/25575797-1_l_7.jpg
大雪将至,罗伯特·泽塔勒 著，新经典 出品,罗伯特·泽塔勒,4496条评论,,¥19.50,¥39.00,5.0折,¥28.00,2018-04-01,http://product.dangdang.com/25246440.html,http://img3m0.ddimg.cn/54/8/25246440-1_l_8.jpg
小兔学校（共三册）,（德）阿尔贝特·西克斯图斯 安妮·米尔豪斯 鲁道夫 ·米尔豪斯 著，（德）弗里茨·科赫－哥达 里夏德·海因里希 安妮·米尔豪斯 鲁道夫 ·米尔豪斯 绘,阿尔贝特·西克斯图斯,6636条评论,,¥40.90,¥105.00,3.9折,,2017-12-01,http://product.dangdang.com/25252369.html,http://img3m9.ddimg.cn/43/17/25252369-1_l_1.jpg
王阳明传习录（典籍里的中国推荐 全译全注，明隆庆六年初刻版，原,王阳明 著；读客文化 出品,王阳明,50757条评论,,¥18.00,¥36.00,5.0折,¥5.99,2015-07-01,http://product.dangdang.com/23722017.html,http://img3m7.ddimg.cn/33/22/23722017-1_l_18.jpg
DK博物大百科——自然界的视觉盛宴,英国DK公司,英国DK公司,150124条评论,,¥202.50,¥458.00,4.4折,,2018-09-01,http://product.dangdang.com/27887900.html,http://img3m0.ddimg.cn/95/1/27887900-1_l_2.jpg
大侦探福尔摩斯（第1辑）（全6册）,柯南·道尔 著；厉河 编；余远锽 绘；海豚传媒出品,柯南·道尔,134109条评论,,¥54.20,¥114.00,4.8折,,2018-02-01,http://product.dangdang.com/25224595.html,http://img3m5.ddimg.cn/88/30/25224595-1_l_27.jpg
2021新版 点点点（小黄和小蓝升级版）宝宝视觉锻炼 杜莱大师作品,[法]埃尔维·杜莱,埃尔维·杜莱,106099条评论,,¥24.90,¥49.80,5.0折,,2021-03-01,http://product.dangdang.com/29193831.html,http://img3m1.ddimg.cn/18/17/29193831-1_l_19.jpg
洛伦茨的经典科普系列一：《所罗门王的指环》（诺贝尔生物或医学,康拉德·洛伦茨,康拉德·洛伦茨,80178条评论,,¥29.00,¥35.00,8.3折,,2012-11-01,http://product.dangdang.com/22913034.html,http://img3m4.ddimg.cn/78/7/22913034-1_l_10.jpg
歪歪兔逆商教育系列图画书合集全20册（儿童情绪与行为引导培养，,歪歪兔关键期早教项目组,歪歪兔关键期早教项目组,350067条评论,,¥80.00,¥160.00,5.0折,,2021-08-01,http://product.dangdang.com/29277061.html,http://img3m1.ddimg.cn/88/34/29277061-1_l_17.jpg
许三观卖血记（新版）,余华,余华,454862条评论,,¥20.80,¥32.00,6.5折,¥11.99,2017-09-12,http://product.dangdang.com/25160766.html,http://img3m6.ddimg.cn/15/26/25160766-1_l_4.jpg
三毛流浪记（彩图注音读物）,张乐平   著,张乐平,548652条评论,,¥18.80,¥38.00,4.9折,,2017-06-01,http://product.dangdang.com/25106955.html,http://img3m5.ddimg.cn/60/13/25106955-1_l_9.jpg
刻意练习：如何从新手到大师,[美] 安德斯·艾利克森（Anders Ericsson）罗伯特·普尔（Robert Pool）,安德斯·艾利克森,307987条评论,,¥29.50,¥59.00,5.0折,,2021-03-01,http://product.dangdang.com/29233018.html,http://img3m8.ddimg.cn/1/21/29233018-1_l_11.jpg
作家榜经典：老人与海（全新未删节插图精装版！海明威作品！人可,[美] 海明威 著，作家榜经典 出品，鲁羊（诗人作家） 译，大星文化，Slava Shults 绘，,海明威,274116条评论,,¥19.90,¥39.80,5.0折,¥1.99,2017-02-20,http://product.dangdang.com/24183943.html,http://img3m3.ddimg.cn/25/3/24183943-1_l_204.jpg
"小王子（中英文双语版，配彩色原版插图,每个孩子和长大了的孩子都",（法）圣埃克苏佩里著 、方晴译  知书达礼 出品,圣埃克苏佩里,26695条评论,,¥40.00,¥58.00,6.9折,,2019-08-01,http://product.dangdang.com/27916379.html,http://img3m9.ddimg.cn/62/27/27916379-1_l_9.jpg
失落的卫星：深入中亚大陆的旅程（得到年度好书，某瓣中文非小说,刘子超  著 ， 新经典  出品,刘子超,26447条评论,,¥49.70,¥69.00,7.2折,¥41.40,2020-06-01,http://product.dangdang.com/28977373.html,http://img3m3.ddimg.cn/73/9/28977373-1_l_16.jpg
论语译注（简体字本） 修订新版  《典籍里的中国》第五期隆重推出,杨伯峻 译注,杨伯峻,318803条评论,,¥19.50,¥26.00,7.5折,,2017-08-01,http://product.dangdang.com/25163221.html,http://img3m1.ddimg.cn/94/2/25163221-1_l_13.jpg
月亮与六便士（荣获豆瓣9.4高分评论，一本好书 腾讯视频栏目推荐,毛姆,毛姆,179110条评论,,¥17.50,¥35.00,5.0折,¥20.00,2016-04-01,http://product.dangdang.com/23924481.html,http://img3m1.ddimg.cn/42/22/23924481-1_l_5.jpg
神奇校车·动画版（全10册）,"作者:乔安娜柯尔 著,布鲁斯迪根 绘 , 漆仰平 译",乔安娜柯尔,515504条评论,,¥59.00,¥118.00,5.0折,,2011-04-05,http://product.dangdang.com/25243206.html,http://img3m6.ddimg.cn/87/30/25243206-1_l_27.jpg
画给孩子的二十四节气 : 精装彩绘本（中国第五大发明，非物质文化,施英巍著 知书达礼 出品,施英巍,49102条评论,,¥40.00,¥58.00,6.9折,,2020-04-01,http://product.dangdang.com/28541693.html,http://img3m3.ddimg.cn/92/4/28541693-1_l_11.jpg
是谁嗯嗯在我的头上——邓超微博推荐的绘本 带给孩子更多勇气和自,文：〔德〕维尔纳霍尔茨瓦特（WernerHolzwarth）　著，方素珍　译,维尔纳霍尔茨瓦特,260231条评论,,¥19.90,¥39.80,5.0折,,2019-11-01,http://product.dangdang.com/27942700.html,http://img3m0.ddimg.cn/49/4/27942700-1_l_12.jpg
日本蜡烛图技术：古老东方投资术的现代指南（随机赠送当当专享财,"[美]史蒂夫·尼森 著,丁圣元 译,博集天卷 出品",史蒂夫·尼森,144329条评论,,¥49.00,¥98.00,5.0折,¥9.99,2020-03-01,http://product.dangdang.com/28512849.html,http://img3m9.ddimg.cn/57/20/28512849-1_l_20.jpg
李玫瑾：幽微的人性+心理抚养（套装共2册）,李玫瑾,李玫瑾,13159条评论,,¥75.40,¥86.60,8.7折,,2021-05-01,http://product.dangdang.com/29250531.html,http://img3m1.ddimg.cn/90/33/29250531-1_l_3.jpg
雪国（川端康成诺贝尔文学奖获奖作，全新精装典藏版）,（日）川端康成 著， 新经典  出品,川端康成,355385条评论,,¥24.50,¥49.00,5.0折,¥28.00,2020-03-01,http://product.dangdang.com/28522468.html,http://img3m8.ddimg.cn/73/19/28522468-1_l_8.jpg
童年的秘密（蒙台梭利早教经典，儿童教育革命性著作，揭秘“儿童,〔意〕蒙台梭利 著  刘莹 译,蒙台梭利,28936条评论,,¥22.30,¥25.00,8.9折,¥1.99,2018-01-15,http://product.dangdang.com/25215587.html,http://img3m7.ddimg.cn/89/13/25215587-1_l_6.jpg
遥远的救世主+天幕红尘+天局（王志文主演电视剧《天道》原著小说,豆豆 矫健 著,豆豆,18892条评论,,¥67.00,¥134.00,5.0折,,2020-07-22,http://product.dangdang.com/28992967.html,http://img3m7.ddimg.cn/25/26/28992967-1_l_12.jpg
世界国家公园（精装大开本，自然的秘密我知道——形象地展示八大,【波】亚历山德拉·米热林斯卡 【波】丹尼尔·米热林斯基 著， 【波】邓鹤翔  郝菲菲 译,亚历山德拉·米热林斯卡,7876条评论,,¥84.00,¥168.00,5.0折,,2021-02-01,http://product.dangdang.com/29194242.html,http://img3m2.ddimg.cn/33/21/29194242-1_l_85.jpg
焦虑的人（九个焦虑的人，一场人质劫持，能解救他们的不是警察，,[瑞典]弗雷德里克·巴克曼，译者 孙璐，果麦文化 出品,弗雷德里克·巴克曼,12600条评论,,¥24.90,¥49.80,5.0折,¥16.99,2021-08-01,http://product.dangdang.com/29284134.html,http://img3m4.ddimg.cn/33/3/29284134-1_l_12.jpg
愿望的实现（手绘精美插图，亚洲诺贝尔文学奖得主泰戈尔代表作之,（印度）泰戈尔 著；郑振铎 张炽恒 译；小当当童书馆 出品,泰戈尔,33188条评论,,¥9.90,¥19.80,5.0折,,2019-10-01,http://product.dangdang.com/28470041.html,http://img3m1.ddimg.cn/17/21/28470041-1_l_22.jpg
人生只有一件事:教你如何活得更好,金惟纯,金惟纯,24381条评论,,¥38.10,¥59.00,6.5折,,2021-05-13,http://product.dangdang.com/29235725.html,http://img3m5.ddimg.cn/35/27/29235725-1_l_17.jpg
大中华寻宝系列 秦朝寻宝记,京鼎动漫,京鼎动漫,26238条评论,,¥17.40,¥35.00,5.0折,,2021-01-01,http://product.dangdang.com/29191353.html,http://img3m3.ddimg.cn/15/18/29191353-1_l_5.jpg
一只特立独行的猪（有趣、独立、反对假正经，读王小波的“入坑之,王小波  著 ， 新经典  出品,王小波,415819条评论,,¥29.50,¥59.00,5.0折,¥29.49,2021-01-01,http://product.dangdang.com/29176567.html,http://img3m7.ddimg.cn/79/32/29176567-1_l_17.jpg
东野圭吾：假面山庄（东野圭吾烧脑长篇）,〔日〕东野圭吾 著，新经典 出品,东野圭吾,158522条评论,,¥22.50,¥45.00,5.0折,¥22.50,2018-01-01,http://product.dangdang.com/25206681.html,http://img3m1.ddimg.cn/93/24/25206681-1_l_5.jpg
可复制的领导力：樊登的9堂商业课（团购，请致电400-106-6666转6,樊登,樊登,190917条评论,,¥36.70,¥49.00,7.5折,¥14.99,2017-12-01,http://product.dangdang.com/25189353.html,http://img3m3.ddimg.cn/90/12/25189353-1_l_3.jpg
断舍离（经典断舍离，山下英子初版全本）,(日)山下英子,山下英子,1078203条评论,,¥14.40,¥32.00,4.5折,¥13.99,2013-07-01,http://product.dangdang.com/23271503.html,http://img3m3.ddimg.cn/68/20/23271503-1_l_22.jpg
布教授有办法--给孩子立规矩,T.贝里·布雷泽尔顿，乔舒亚·D.斯帕罗 著，严艺家 译,T.贝里·布雷泽尔顿,53133条评论,,¥44.90,¥49.80,9.0折,,2018-07-01,http://product.dangdang.com/25299217.html,http://img3m7.ddimg.cn/64/23/25299217-1_l_7.jpg
德鲁克 卓有成效的管理者,[美]彼得.德鲁克（Peter F. Drucker）,彼得.德鲁克,320622条评论,,¥49.00,¥69.00,7.1折,¥44.85,2019-04-20,http://product.dangdang.com/27848019.html,http://img3m9.ddimg.cn/12/6/27848019-1_l_10.jpg
敦煌奇幻旅行记 （套装全3册）,常怡,常怡,5688条评论,,¥52.50,¥105.00,5.0折,,2021-08-23,http://product.dangdang.com/29285920.html,http://img3m0.ddimg.cn/37/13/29285920-1_l_7.jpg
富兰克林自传（《美国独立宣言》起草人的励志人生）,[美]本杰明·富兰克林 著，潘丽先 译,本杰明·富兰克林,37285条评论,,¥12.30,¥25.00,4.9折,¥1.99,2017-12-01,http://product.dangdang.com/25190563.html,http://img3m3.ddimg.cn/13/1/25190563-1_l_8.jpg
白鹿原（新版，央视《读书》推荐，含白鹿原+信任+蚕儿+霞光灿烂的,陈忠实,陈忠实,104999条评论,,¥19.90,¥39.80,5.0折,,2019-03-28,http://product.dangdang.com/26913843.html,http://img3m3.ddimg.cn/0/6/26913843-1_l_12.jpg
道德经 精装珍藏本,（春秋）老子著；富强译 注，高高国际  出品,老子,40599条评论,,¥28.20,¥32.80,8.6折,,2016-06-30,http://product.dangdang.com/23978304.html,http://img3m4.ddimg.cn/9/10/23978304-1_l_9.jpg
陪孩子走过小学六年（全新增订版）（新版）,刘称莲,刘称莲,59411条评论,,¥45.00,¥45.00,10.0折,,2019-07-23,http://product.dangdang.com/27907989.html,http://img3m9.ddimg.cn/87/36/27907989-1_l_6.jpg
刘擎西方现代思想讲义（奇葩说导师、得到App主理人刘擎讲透西方思,刘擎 著; 得到图书 出品,刘擎,73429条评论,,¥62.40,¥79.00,7.9折,,2021-01-17,http://product.dangdang.com/29180031.html,http://img3m1.ddimg.cn/78/18/29180031-1_l_25.jpg
孩子受益一生的专注力训练 以哈佛“优势循环”四步法为基础，更适,芮彩琴,芮彩琴,36030条评论,,¥37.30,¥42.80,8.7折,¥9.89,2020-03-31,http://product.dangdang.com/28529991.html,http://img3m1.ddimg.cn/72/31/28529991-1_l_4.jpg
博物馆里的中国历史（全6册，一套有深度、有广度、时间线索全面、,罗米,罗米,1824条评论,,¥130.00,¥260.00,5.0折,,2020-12-01,http://product.dangdang.com/29174560.html,http://img3m0.ddimg.cn/52/23/29174560-1_l_12.jpg
他最野了（全2册）曲小蛐代表作,"曲小蛐 著,酷威文化 出品",曲小蛐,58794条评论,,¥46.80,¥68.00,6.9折,,2021-01-01,http://product.dangdang.com/29150688.html,http://img3m8.ddimg.cn/39/16/29150688-1_l_28.jpg
丰乳肥臀（莫言用情极深的长篇代表作，女性苦难史）,莫言,莫言,127899条评论,,¥34.50,¥69.00,5.0折,,2020-03-01,http://product.dangdang.com/28531227.html,http://img3m7.ddimg.cn/21/9/28531227-1_l_11.jpg
意林合订本2021年01期-06期（总第68卷）升级版,意林编辑部,意林,12698条评论,,¥16.80,¥42.00,4.0折,,2021-02-28,http://product.dangdang.com/29201218.html,http://img3m8.ddimg.cn/79/4/29201218-1_l_4.jpg
中国哲学简史（冯友兰先生经典作品，中国哲学史入门读物）,冯友兰 著；赵复三 译,冯友兰,1281条评论,,¥28.40,¥58.00,4.9折,,2021-09-25,http://product.dangdang.com/29301599.html,http://img3m9.ddimg.cn/74/4/29301599-1_l_382.jpg
张嘉佳:让我留在你身边（当当签名版与特别纪念环衬版随机发送，张,"张嘉佳 著,博集天卷 出品",张嘉佳,175061条评论,,¥23.40,¥46.80,5.0折,¥21.06,2020-08-01,http://product.dangdang.com/28994493.html,http://img3m3.ddimg.cn/66/35/28994493-1_l_22.jpg
月亮的味道（精装）,麦克格雷涅茨 著,麦克格雷涅茨,318659条评论,,¥17.40,¥35.00,5.0折,,2017-10-01,http://product.dangdang.com/25176229.html,http://img3m9.ddimg.cn/34/23/25176229-1_l_4.jpg
社会心理学（第11版）,戴维·迈尔斯著，新曲线 出品，侯玉波，乐国安，张智勇 等译,戴维·迈尔斯,224251条评论,,¥102.40,¥128.00,8.0折,,2016-01-01,http://product.dangdang.com/23840740.html,http://img3m0.ddimg.cn/55/12/23840740-1_l_8.jpg
半小时漫画世界史2（ 四大文明古国组团出道，为啥只剩中国屹立不,陈磊.半小时漫画团队 著；读客文化 出品,陈磊.半小时漫画团队,18054条评论,,¥24.90,¥49.90,5.0折,,2021-06-30,http://product.dangdang.com/29252928.html,http://img3m8.ddimg.cn/12/25/29252928-1_l_9.jpg
理想国（商务印书馆汉译名著权威全译本，精装典藏版）,柏拉图 著；郭斌和 张竹明 译,柏拉图,62220条评论,,¥34.00,¥68.00,5.0折,,2020-06-01,http://product.dangdang.com/28989328.html,http://img3m8.ddimg.cn/49/13/28989328-1_l_4.jpg
漫画讲透孙子兵法(全4册)（130个知识点讲透5000字原文，130场战斗,华杉 著；读客文化 出品,华杉,40132条评论,,¥73.60,¥147.20,5.0折,,2020-04-16,http://product.dangdang.com/28536984.html,http://img3m4.ddimg.cn/36/31/28536984-1_l_10.jpg
事实（比尔.盖茨送给全美大学生的毕业礼物！比尔.盖茨逢人就推荐,(瑞典)汉斯·罗斯林等 著；读客文化 出品,汉斯·罗斯林,115850条评论,,¥49.50,¥99.00,5.0折,¥19.99,2019-05-07,http://product.dangdang.com/27866721.html,http://img3m1.ddimg.cn/3/23/27866721-1_l_5.jpg
哈利·波特与密室（《语文》教材推荐阅读书目，外国儿童文学经典,（英）J.K.罗琳,J.K.罗琳,113384条评论,,¥37.00,¥43.00,8.6折,,2018-11-01,http://product.dangdang.com/25479401.html,http://img3m1.ddimg.cn/68/17/25479401-1_l_1.jpg
邂逅中国 走遍中国 图说天下 国家地理 套装共5册[精选套装],赵晓玉 ，郝娟菡，《图说天下.国家地理系列》编委会,赵晓玉,32923条评论,,¥73.60,¥99.50,7.4折,,2017-11-01,http://product.dangdang.com/25168109.html,http://img3m9.ddimg.cn/32/6/25168109-1_l_7.jpg
闭环思维（罗振宇、老喻、李嘉诚、侯小强等大咖倡导的理念）,智俊启 著 时代华语 出品,智俊启,31657条评论,,¥21.00,¥42.00,5.0折,,2019-11-01,http://product.dangdang.com/28476034.html,http://img3m4.ddimg.cn/70/20/28476034-1_l_15.jpg
资治通鉴少年简读版(套装全4册）附赠音频，扫码畅听！四册盒装，,何孝荣 侯振龙,何孝荣,93207条评论,,¥78.00,¥156.00,5.0折,,2019-05-01,http://product.dangdang.com/27868330.html,http://img3m0.ddimg.cn/28/4/27868330-1_l_8.jpg
《鲜衣怒马少年时》（1+2）套装,"少年怒马 著,博集天卷 出品",少年怒马,6619条评论,,¥49.00,¥98.00,5.0折,,2021-08-01,http://product.dangdang.com/29273879.html,http://img3m9.ddimg.cn/74/34/29273879-1_l_9.jpg
知行合一王阳明大全集（全5册）（樊登推荐！百万读者了解阳明心学,度阴山 著；读客文化 出品,度阴山,131188条评论,,¥108.00,¥216.00,5.0折,,2019-04-17,http://product.dangdang.com/27855374.html,http://img3m4.ddimg.cn/41/35/27855374-1_l_19.jpg
人生（2021版，茅盾文学奖得主路遥代表作，激励万千读者，堪称《,路遥  著 ，新经典  出品,路遥,90239条评论,,¥27.20,¥39.50,6.9折,,2021-07-01,http://product.dangdang.com/29267111.html,http://img3m1.ddimg.cn/38/0/29267111-1_l_6.jpg
大卫科波菲尔（狄更斯传奇自传性小说，翻译家宋兆霖全译本）,"[英] 查尔斯·狄更斯 著, 宋兆霖 译",查尔斯·狄更斯,112877条评论,,¥24.40,¥49.80,4.9折,¥1.99,2015-08-01,http://product.dangdang.com/23753565.html,http://img3m5.ddimg.cn/0/9/23753565-1_l_11.jpg
透过地理看历史,李不白,李不白,19117条评论,,¥24.00,¥48.00,5.0折,,2021-01-13,http://product.dangdang.com/29191016.html,http://img3m6.ddimg.cn/74/14/29191016-1_l_8.jpg
寻欢作乐（毛姆自认的得意&满意之作，2019年集众家所长无删节全新,〔英〕毛姆 著 王晋华 译,毛姆,15199条评论,,¥12.70,¥26.00,4.9折,,2019-02-01,http://product.dangdang.com/26492244.html,http://img3m4.ddimg.cn/42/22/26492244-1_l_9.jpg
曹文轩文集典藏版（全7册）,曹文轩   著,曹文轩,383174条评论,,¥84.00,¥168.00,5.0折,,2013-09-01,http://product.dangdang.com/23323691.html,http://img3m1.ddimg.cn/83/1/23323691-1_l_18.jpg
认知觉醒：开启自我改变的原动力,周岭,周岭,32135条评论,,¥25.70,¥59.80,4.3折,¥17.99,2020-09-01,http://product.dangdang.com/29119834.html,http://img3m4.ddimg.cn/73/20/29119834-1_l_12.jpg
午夜降临前抵达（李健、梁文道、麦家、许知远、俞敏洪推荐，不能,刘子超  著，新经典  出品,刘子超,13141条评论,,¥29.50,¥59.00,5.0折,¥35.40,2021-08-01,http://product.dangdang.com/29276881.html,http://img3m1.ddimg.cn/7/2/29276881-1_l_21.jpg
希望之线（东野圭吾新代表作，高分作品TOP5！）,（日）东野圭吾  著 ， 新经典  出品,东野圭吾,37720条评论,,¥29.50,¥59.00,5.0折,¥29.50,2021-04-01,http://product.dangdang.com/29216523.html,http://img3m3.ddimg.cn/39/28/29216523-1_l_27.jpg
人间告白（何炅、谢娜、 易烊千玺推荐，花生妈妈金鱼酱写给儿子的,金鱼酱  白马时光出品,金鱼酱,102828条评论,,¥24.90,¥49.80,5.0折,¥29.99,2020-03-01,http://product.dangdang.com/28518095.html,http://img3m5.ddimg.cn/56/12/28518095-1_l_45.jpg
余光中下次你路过，人间已无我,余光中,余光中,22442条评论,,¥19.20,¥42.00,4.6折,¥3.99,2018-12-01,http://product.dangdang.com/26437501.html,http://img3m1.ddimg.cn/46/2/26437501-1_l_11.jpg
少有人走的路：心智成熟的旅程（白金升级版）,[美]M.斯科特·派克(M.Scott Peck)  ，译者：于海生  严冬冬  ，正清出品,M.斯科特·派克,167396条评论,,¥24.70,¥42.00,5.9折,,2020-10-20,http://product.dangdang.com/29139774.html,http://img3m4.ddimg.cn/15/17/29139774-1_l_20.jpg
我喜欢自己——邓超微博推荐的绘本 带给孩子更多勇气和自信的绘本,（美）卡尔森　著，余治莹　译,卡尔森,404700条评论,,¥17.90,¥35.80,5.0折,,2019-11-01,http://product.dangdang.com/27942697.html,http://img3m7.ddimg.cn/46/1/27942697-1_l_18.jpg
六层楼先生 怀孕呵护指南 第十一诊室,六层楼先生 著,六层楼先生,13754条评论,,¥93.90,¥98.00,9.6折,,2021-07-01,http://product.dangdang.com/29278728.html,http://img3m8.ddimg.cn/72/36/29278728-1_l_17.jpg
这里是中国2 百年重塑山河 入选北京市科学技术协会 “2021年优秀,星球研究所,星球研究所,125103条评论,,¥129.00,¥198.00,6.5折,¥139.99,2021-06-22,http://product.dangdang.com/29262958.html,http://img3m8.ddimg.cn/43/28/29262958-1_l_15.jpg
红岩,罗广斌，杨益言,罗广斌,623860条评论,,¥28.40,¥36.00,7.9折,,2017-09-01,http://product.dangdang.com/25167661.html,http://img3m1.ddimg.cn/79/2/25167661-1_l_5.jpg
沧浪之水（某瓣8.5分，入围茅盾文学奖。职场小白、考公人的启蒙之,阎真  著 ， 新经典  出品,阎真,88954条评论,,¥24.50,¥49.00,5.0折,,2021-07-01,http://product.dangdang.com/29270902.html,http://img3m2.ddimg.cn/67/17/29270902-1_l_9.jpg
如果历史是一群喵8·盛世大唐篇,肥志 编绘；漫友文化出品,肥志,44991条评论,,¥44.80,¥59.80,7.5折,,2021-05-25,http://product.dangdang.com/29242265.html,http://img3m5.ddimg.cn/41/18/29242265-1_l_35.jpg
大中华寻宝系列（1-28 上海寻宝记/北京/天津/重庆/山东/四川/湖北,孙家裕,孙家裕,2172条评论,,¥485.10,¥980.00,5.0折,,2021-08-01,http://product.dangdang.com/29293130.html,http://img3m0.ddimg.cn/20/8/29293130-1_l_7.jpg
枪炮、病菌与钢铁——人类社会的命运(修订版）,[美]贾雷德·戴蒙德著 谢延光译,贾雷德·戴蒙德,259154条评论,,¥18.40,¥55.00,3.3折,,2016-07-01,http://product.dangdang.com/24010525.html,http://img3m5.ddimg.cn/55/4/24010525-1_l_7.jpg
被欺负了，可以打回去吗（解决父母的世纪难题，告诉孩子被欺负了,小杨叔叔,小杨叔叔,9286条评论,,¥19.00,¥38.00,5.0折,,2021-07-01,http://product.dangdang.com/29265559.html,http://img3m9.ddimg.cn/70/2/29265559-1_l_8.jpg
民国往事,萨沙 编,萨沙,171204条评论,,¥6.80,¥18.00,3.8折,¥4.35,2015-05-01,http://product.dangdang.com/23718018.html,http://img3m8.ddimg.cn/93/19/23718018-1_l_6.jpg
0-3岁家庭安全亲子游戏纸板书（套装全4册，歪歪兔出品）,歪歪兔关键期早教项目组,歪歪兔关键期早教项目组,11979条评论,,¥99.50,¥199.00,5.0折,¥24.99,2019-10-10,http://product.dangdang.com/27941153.html,http://img3m3.ddimg.cn/86/11/27941153-1_l_65.jpg
我的个天（戴教授随笔集，聊聊年轻朋友绕不开的读书、工作、恋爱,戴建业，果麦文化 出品,戴建业,53339条评论,,¥29.90,¥59.80,5.0折,¥18.99,2021-04-01,http://product.dangdang.com/29215219.html,http://img3m9.ddimg.cn/22/19/29215219-1_l_24.jpg
《旧梦令》（旧梦1913-1997，新锐实力作家沈鱼藻高口碑人气短篇首,沈鱼藻，风炫文化 出品,沈鱼藻,868条评论,,¥32.10,¥42.80,7.5折,,2021-04-01,http://product.dangdang.com/29233524.html,http://img3m4.ddimg.cn/12/9/29233524-1_l_7.jpg
时代广场的蟋蟀：麦克米伦世纪大奖小说最新升级版,[美]乔治·塞尔登,乔治·塞尔登,471719条评论,,¥11.20,¥25.00,4.5折,,2020-11-01,http://product.dangdang.com/29148971.html,http://img3m1.ddimg.cn/5/1/29148971-1_l_12.jpg
在细雨中呼喊（余华活着许三观卖血记兄弟文城长篇代表作之一作家,余华,余华,116017条评论,,¥16.50,¥33.00,5.0折,¥11.99,2017-09-12,http://product.dangdang.com/25160767.html,http://img3m7.ddimg.cn/16/27/25160767-1_l_3.jpg
厚黑学全集（足本典藏版，林语堂、南怀瑾、柏杨、李敖历经沉浮，,李宗吾 著   创美工厂 出品,李宗吾,100028条评论,,¥14.90,¥29.80,5.0折,¥2.68,2013-06-01,http://product.dangdang.com/23270054.html,http://img3m4.ddimg.cn/5/14/23270054-1_l_9.jpg
逻辑表达力:说话缜密有趣，一句顶一万句,刘琳,刘琳,34611条评论,,¥17.90,¥39.80,4.5折,¥5.99,2019-08-01,http://product.dangdang.com/27951136.html,http://img3m6.ddimg.cn/70/4/27951136-1_l_15.jpg
局外人（如果你在人群中感到格格不入，一定要读《局外人》！全新,(法)加缪 著；读客文化 出品,加缪,204591条评论,,¥22.50,¥45.00,5.0折,¥6.99,2019-03-01,http://product.dangdang.com/26516153.html,http://img3m3.ddimg.cn/92/29/26516153-1_l_17.jpg
海底两万里 注音版名师名家读名著,儒勒·凡尔纳,儒勒·凡尔纳,72926条评论,,¥26.90,¥34.00,7.9折,,2018-10-01,http://product.dangdang.com/25547088.html,http://img3m8.ddimg.cn/39/31/25547088-1_l_2.jpg
三毛全集05：梦里花落知多少,三毛 著，新经典 出品,三毛,113274条评论,,¥17.50,¥35.00,5.0折,¥21.00,2017-04-07,http://product.dangdang.com/24242910.html,http://img3m0.ddimg.cn/87/29/24242910-1_l_3.jpg
解码青春期（了解青春期究竟发生了什么，帮助父母正面管教十几岁,(美)乔希 西普（Josh Shipp） 著，李峥嵘  胡晓宇 译 青豆书坊 出品,乔希,110711条评论,,¥40.70,¥46.80,8.7折,,2019-01-01,http://product.dangdang.com/26912274.html,http://img3m4.ddimg.cn/15/28/26912274-1_l_8.jpg
海子的诗,海子 著,海子,45533条评论,,¥15.20,¥38.00,4.0折,,2018-09-01,http://product.dangdang.com/25349692.html,http://img3m2.ddimg.cn/49/30/25349692-1_l_1.jpg
科幻世界·三体Ⅱ·黑暗森林（典藏版）,刘慈欣，科幻世界出品,刘慈欣,48282条评论,,¥23.10,¥42.00,5.5折,,2016-06-30,http://product.dangdang.com/23989082.html,http://img3m2.ddimg.cn/95/21/23989082-1_l_20.jpg
亲爱的小孩 猜猜世界多有趣,伊云 白湖 胡琦琦,伊云,28177条评论,,¥54.50,¥69.00,7.9折,,2020-04-01,http://product.dangdang.com/28536903.html,http://img3m3.ddimg.cn/54/24/28536903-1_l_8.jpg
哈利·波特与死亡圣器（《语文》教材推荐阅读书目，外国儿童文学,（英）J.K.罗琳,J.K.罗琳,148538条评论,,¥50.20,¥75.00,6.7折,,2018-11-01,http://product.dangdang.com/25479404.html,http://img3m4.ddimg.cn/71/20/25479404-1_l_1.jpg
协和专家孕产大百科（汉竹）,马良坤  丁国芳  李宁,马良坤,25460条评论,,¥44.60,¥49.80,9.0折,¥10.46,2016-08-01,http://product.dangdang.com/24029891.html,http://img3m1.ddimg.cn/17/19/24029891-1_l_9.jpg
非暴力沟通的父母话术 父母的语言养育男孩女孩正面管教儿童心理学,李少聪,李少聪,23264条评论,,¥19.80,¥39.80,5.0折,,2020-09-01,http://product.dangdang.com/29125226.html,http://img3m6.ddimg.cn/20/10/29125226-1_l_6.jpg
心的重建(5周年纪念版，加赠精美笔记本*1+书签*2)：生命中的失去,[美]露易丝·海  [美]大卫·凯思乐 著，方月月 译，斯坦威出品,露易丝·海,81488条评论,,¥17.90,¥39.80,4.5折,¥9.90,2021-09-15,http://product.dangdang.com/29302061.html,http://img3m1.ddimg.cn/41/22/29302061-1_l_15.jpg
元宇宙＋元宇宙通证（全2册）（揭秘下一代互联网新态势，探索VR全,赵国栋、易欢欢、徐远重、邢杰、余晨 等 著/编著,赵国栋,6934条评论,,¥56.50,¥113.00,5.0折,¥19.90,2021-08-01,http://product.dangdang.com/29283760.html,http://img3m0.ddimg.cn/55/36/29283760-1_l_20.jpg
成年孤儿,（美）亚历山大·李维,亚历山大·李维,2374条评论,,¥7.70,¥45.00,1.7折,,2017-05-01,http://product.dangdang.com/25069353.html,http://img3m3.ddimg.cn/78/3/25069353-1_l_3.jpg
把自己当回事儿（杨天真的沟通秘籍！蔡康永、樊登、罗永浩真挚推,杨天真,杨天真,117335条评论,,¥56.00,¥56.00,10.0折,¥19.99,2021-04-01,http://product.dangdang.com/29215350.html,http://img3m0.ddimg.cn/54/2/29215350-1_l_8.jpg
明朝简史:一书读透大明三百年，揭示帝国由盛转衰的秘密.,吴晗 著，斯坦威 出品,吴晗,33406条评论,,¥42.70,¥48.00,8.9折,¥8.90,2019-11-01,http://product.dangdang.com/28518336.html,http://img3m6.ddimg.cn/0/31/28518336-1_l_3.jpg
爱思考的小爱全4册,（法）奥斯卡·布勒尼菲耶 文，（法）德尔菲娜·佩雷 伊丽丝·德莫于 图，邢培健 译,奥斯卡·布勒尼菲耶,4888条评论,,¥53.80,¥138.00,3.9折,,2019-10-01,http://product.dangdang.com/28473600.html,http://img3m0.ddimg.cn/12/28/28473600-1_l_1.jpg
宫西达也恐龙系列全套7册（你看起来好像很好吃+我是霸王龙等）,宫西达也 文/图，杨文 晓晗 译,宫西达也,488500条评论,,¥65.60,¥126.00,5.2折,,2016-11-01,http://product.dangdang.com/24079906.html,http://img3m6.ddimg.cn/37/10/24079906-1_l_23.jpg
长安客（张颂文推荐，大唐版《人类群星闪耀时》，李白、杜甫、王,北溟鱼，果麦文化 出品,北溟鱼,79440条评论,,¥22.50,¥45.00,5.0折,¥14.99,2020-05-01,http://product.dangdang.com/28558256.html,http://img3m6.ddimg.cn/23/28/28558256-1_l_27.jpg
沙丘（同名电影即将全国上映！《降临》导演执导、“甜茶”“灭霸,(美)弗兰克.赫伯特 著；读客文化 出品,弗兰克.赫伯特,114547条评论,,¥34.00,¥68.00,5.0折,¥9.99,2016-12-28,http://product.dangdang.com/24168888.html,http://img3m8.ddimg.cn/18/7/24168888-1_l_21.jpg
当我谈跑步时，我谈些什么（2015典藏版）,〔日〕村上春树 著  著，施小炜 译，新经典 出品,村上春树,200311条评论,,¥18.00,¥36.00,5.0折,¥17.99,2015-10-01,http://product.dangdang.com/23774097.html,http://img3m7.ddimg.cn/39/6/23774097-1_l_9.jpg
赛雷三分钟漫画中国共产党历史（中共中央党史和文献研究院第七研,"赛雷 著,博集天卷 出品",赛雷,条评论,,¥24.00,¥48.00,5.0折,¥29.99,2021-10-01,http://product.dangdang.com/29267404.html,http://img3m4.ddimg.cn/34/34/29267404-1_l_12.jpg
思考，快与慢（团购电话400-106-6666转6）,(美)丹尼尔·卡尼曼,丹尼尔·卡尼曼,261560条评论,,¥51.70,¥69.00,7.5折,¥17.99,2012-07-01,http://product.dangdang.com/22781388.html,http://img3m8.ddimg.cn/3/7/22781388-1_l_5.jpg
中国最美的100个地方 图说天下 国家地理,"<图说天下,国家地理系列>编委会",图说天下,220188条评论,,¥14.80,¥19.90,7.4折,¥8.00,2012-06-01,http://product.dangdang.com/22790546.html,http://img3m6.ddimg.cn/53/26/22790546-1_l_4.jpg
梁实秋：人间食话（老树画画全彩插画，梁实秋谈吃散文名篇精装收,梁实秋 著，文通天下 出品,梁实秋,52216条评论,,¥22.50,¥45.00,5.0折,,2019-04-01,http://product.dangdang.com/27866079.html,http://img3m9.ddimg.cn/54/10/27866079-1_l_17.jpg
中华人民共和国监察法 中华人民共和国监察法实施条例,法律出版社,法律出版社,283条评论,,¥6.70,¥15.00,4.5折,,2021-09-01,http://product.dangdang.com/29305679.html,http://img3m9.ddimg.cn/95/14/29305679-1_l_5.jpg
暖萌科学绘本 和爸妈去旅行,黄宇,黄宇,85280条评论,,¥24.90,¥24.90,10.0折,,2018-06-01,http://product.dangdang.com/25272807.html,http://img3m7.ddimg.cn/87/31/25272807-1_l_3.jpg
有钱人和你想的不一样（2020版，教会你有钱人和穷人不一样的17种,"哈维·艾克 著,博集天卷 出品",哈维·艾克,108103条评论,,¥22.50,¥45.00,5.0折,,2017-06-01,http://product.dangdang.com/29118940.html,http://img3m0.ddimg.cn/70/14/29118940-1_l_9.jpg
世说新语（全2册·中华经典名著全本全注全译丛书-三全本）,朱碧莲，沈海波　译注,朱碧莲,195288条评论,,¥49.50,¥66.00,7.5折,¥39.60,2014-09-01,http://product.dangdang.com/23568685.html,http://img3m5.ddimg.cn/52/18/23568685-1_l_11.jpg
黄金时代（2021版，王小波成名代表作，当代文学经典！罗翔、肖战,王小波  著 ，新经典  出品,王小波,97808条评论,,¥40.70,¥59.00,6.9折,,2021-06-01,http://product.dangdang.com/29255747.html,http://img3m7.ddimg.cn/59/32/29255747-1_l_32.jpg
阿勒泰的角落（李娟成名作四色典藏版）,李娟 著，新经典 出品,李娟,107882条评论,,¥27.00,¥36.00,7.5折,¥15.99,2013-09-01,http://product.dangdang.com/23312938.html,http://img3m8.ddimg.cn/22/15/23312938-1_l_7.jpg
高老头（巴尔扎克代表作之一，人性与金钱的激情碰撞，翻译大师许,[法]巴尔扎克 著  许渊冲 译,巴尔扎克,40825条评论,,¥10.30,¥22.00,4.7折,¥1.99,2017-01-01,http://product.dangdang.com/24170729.html,http://img3m9.ddimg.cn/77/35/24170729-1_l_16.jpg
阅读是一座随身携带的避难所（罗翔推荐版本。“阅读应该是愉悦的,毛姆 著，夏高娃 译，果麦文化 出品,毛姆,27287条评论,,¥21.00,¥42.00,5.0折,¥18.99,2020-07-01,http://product.dangdang.com/28985457.html,http://img3m7.ddimg.cn/39/27/28985457-1_l_41.jpg
【2019诺贝尔经济学奖得主作品】 贫穷的本质（修订版）：我们为什,（印度）阿比吉特.班纳吉(Abhijit V.Banerjee)、（法）埃斯特.迪弗洛(Esther Duflo),阿比吉特.班纳吉,172594条评论,,¥36.00,¥58.00,6.2折,¥14.99,2018-09-01,http://product.dangdang.com/25327237.html,http://img3m7.ddimg.cn/67/34/25327237-1_l_5.jpg
小羊上山儿童汉语分级读物第1级（10册套装）,孙蓓主编     童趣出版有限公司编,孙蓓,14811条评论,,¥68.30,¥138.00,4.9折,,2020-09-01,http://product.dangdang.com/29140217.html,http://img3m7.ddimg.cn/62/16/29140217-1_l_9.jpg
艺术的记忆：名画背后的世界史,（韩）李真淑  著,李真淑,4820条评论,,¥46.10,¥98.00,4.7折,,2020-01-01,http://product.dangdang.com/28485147.html,http://img3m7.ddimg.cn/75/31/28485147-1_l_2.jpg
一切都在孤独里成全：叔本华的人生智慧,叔本华 著，文通天下 出品,叔本华,13532条评论,,¥21.00,¥42.00,5.0折,¥5.40,2018-09-01,http://product.dangdang.com/25310659.html,http://img3m9.ddimg.cn/22/32/25310659-1_l_6.jpg
做最好的自己——歪歪兔性格教育系列图画书（全10册）,歪歪兔关键期早教项目组(陈梦敏文) 编绘,歪歪兔关键期早教项目组,188692条评论,,¥40.00,¥80.00,5.0折,,2012-06-01,http://product.dangdang.com/22667891.html,http://img3m1.ddimg.cn/59/26/22667891-1_l_39.jpg
呼啸山庄（英国女作家艾米莉·勃朗特的长篇小说，一部关于爱和恨,（英）艾米莉·勃朗特　著，宋兆霖　译,艾米莉·勃朗特,123642条评论,,¥11.80,¥25.00,4.7折,¥1.99,2015-08-01,http://product.dangdang.com/23750377.html,http://img3m7.ddimg.cn/79/3/23750377-1_l_12.jpg
苦难辉煌（金一南教授授权，无删减全新修订增补版）,金一南,金一南,29036条评论,,¥59.20,¥79.00,7.5折,,2021-02-01,http://product.dangdang.com/29210070.html,http://img3m0.ddimg.cn/21/13/29210070-1_l_21.jpg
万历十五年 一本好书 腾讯视频栏目推荐,黄仁宇,黄仁宇,779104条评论,,¥15.60,¥26.00,6.0折,,2006-06-01,http://product.dangdang.com/23445575.html,http://img3m5.ddimg.cn/98/7/23445575-1_l_10.jpg
从零开始的女性主义,[日]上野千鹤子、田房永子,上野千鹤子,3976条评论,,¥26.00,¥52.00,5.0折,,2021-09-01,http://product.dangdang.com/29298862.html,http://img3m2.ddimg.cn/10/5/29298862-1_l_4.jpg
科幻世界·三体Ⅲ·死神永生（典藏版）,刘慈欣，科幻世界出品,刘慈欣,46974条评论,,¥34.50,¥48.00,7.2折,,2016-06-30,http://product.dangdang.com/23989083.html,http://img3m3.ddimg.cn/96/22/23989083-1_l_15.jpg
妈妈和我,[日]村松江梨子 中川碧 绘著,村松江梨子,8307条评论,,¥20.80,¥52.00,4.0折,,2018-08-01,http://product.dangdang.com/25292350.html,http://img3m0.ddimg.cn/28/1/25292350-1_l_13.jpg
宫西达也超级绘本（加法超人与算术星人+狐狸爸爸笑了等全11册）,[日]宫西达也,宫西达也,311055条评论,,¥93.00,¥186.00,5.0折,,2019-02-01,http://product.dangdang.com/26912902.html,http://img3m2.ddimg.cn/49/27/26912902-1_l_3.jpg
Python编程 从入门到实践 第2版,[美]埃里克·马瑟斯（Eric Matthes）,埃里克·马瑟斯,205655条评论,,¥105.10,¥109.80,9.6折,,2021-05-01,http://product.dangdang.com/29280602.html,http://img3m2.ddimg.cn/65/23/29280602-1_l_10.jpg
天真生活（季羡林精品散文精选。季羡林一生自在的活法。贾平凹、,季羡林 著，文通天下 出品,季羡林,17479条评论,,¥24.50,¥49.00,5.0折,¥14.90,2020-08-01,http://product.dangdang.com/28983780.html,http://img3m0.ddimg.cn/45/15/28983780-1_l_16.jpg
一看就会的思维导图启蒙绘本（歪歪兔童书馆出品）,歪歪兔关键期早教 项目组编绘,歪歪兔关键期早教,234695条评论,,¥44.59,¥128.00,3.5折,,2019-04-30,http://product.dangdang.com/27854383.html,http://img3m3.ddimg.cn/40/6/27854383-1_l_161.jpg
悉达多（译者姜乙翻译）【果麦经典】,[德]赫尔曼·黑塞，译者：姜乙，果麦文化 出品,赫尔曼·黑塞,57111条评论,,¥16.00,¥32.00,5.0折,,2017-01-01,http://product.dangdang.com/26186058.html,http://img3m8.ddimg.cn/63/11/26186058-1_l_1.jpg
列那狐的故事（舒朗大开本，与《伊索寓言》同入世界四大寓言名单,【法】季诺夫人 著，小当当童书馆 出品,季诺夫人,91857条评论,,¥9.70,¥19.80,4.9折,,2017-03-01,http://product.dangdang.com/24194333.html,http://img3m3.ddimg.cn/20/33/24194333-1_l_30.jpg
聊斋志异（中国古代灵异与志怪小说经典，清代蒲松龄著）,(清)蒲松龄　著，高崖子　译注,蒲松龄,124651条评论,,¥13.20,¥28.00,4.7折,¥0.00,2015-10-01,http://product.dangdang.com/23784362.html,http://img3m2.ddimg.cn/8/22/23784362-1_l_8.jpg
熊津数学图画书（全50册，含29册精装绘本及21册游戏书，将数学和,熊津出版社著，阳光博客出品,熊津出版社,25373条评论,,¥349.00,¥698.00,5.0折,,2020-09-01,http://product.dangdang.com/29118088.html,http://img3m8.ddimg.cn/10/13/29118088-1_l_16.jpg
